-- phpMyAdmin SQL Dump
-- version 5.2.1
-- https://www.phpmyadmin.net/
--
-- Host: 127.0.0.1
-- Generation Time: Cze 15, 2025 at 12:00 AM
-- Wersja serwera: 10.4.32-MariaDB
-- Wersja PHP: 8.2.12

SET SQL_MODE = "NO_AUTO_VALUE_ON_ZERO";
START TRANSACTION;
SET time_zone = "+00:00";


/*!40101 SET @OLD_CHARACTER_SET_CLIENT=@@CHARACTER_SET_CLIENT */;
/*!40101 SET @OLD_CHARACTER_SET_RESULTS=@@CHARACTER_SET_RESULTS */;
/*!40101 SET @OLD_COLLATION_CONNECTION=@@COLLATION_CONNECTION */;
/*!40101 SET NAMES utf8mb4 */;

--
-- Database: `foodapp`
--

-- --------------------------------------------------------

--
-- Struktura tabeli dla tabeli `locations`
--

CREATE TABLE `locations` (
  `id` int(11) NOT NULL,
  `restaurant_id` int(11) NOT NULL,
  `restaurant_name` varchar(150) NOT NULL,
  `city` varchar(100) DEFAULT NULL,
  `address` varchar(255) DEFAULT NULL,
  `opening_hours` varchar(255) DEFAULT NULL,
  `contact_email` varchar(150) DEFAULT NULL,
  `phone` varchar(32) DEFAULT NULL,
  `lat` double DEFAULT NULL,
  `lng` double DEFAULT NULL,
  `order_url` varchar(255) DEFAULT NULL
) ENGINE=InnoDB DEFAULT CHARSET=utf8mb4 COLLATE=utf8mb4_general_ci;

--
-- Dumping data for table `locations`
--

INSERT INTO `locations` (`id`, `restaurant_id`, `restaurant_name`, `city`, `address`, `opening_hours`, `contact_email`, `phone`, `lat`, `lng`, `order_url`) VALUES
(1, 1, 'Pierogarnia Stary Młyn', 'Częstochowa', 'ul. NMP 24', '10:00-22:00', 'kontakt@starymlyn.pl', '+48343211234', 50.81182, 19.12031, 'https://glovoapp.com/pl/czestochowa/pierogarnia-stary-mlyn-cze/'),
(2, 2, 'Restauracja Jurajska', 'Częstochowa', 'ul. Jurajska 5', '11:00-23:00', 'info@jurajska.pl', '+48343211235', 50.813, 19.1209, NULL),
(3, 3, 'Bar Mleczny Częstochowa', 'Częstochowa', 'ul. Piłsudskiego 10', '08:00-20:00', 'bar@czestochowa.pl', '+48343211236', 50.81, 19.122, NULL),
(4, 4, 'Restauracja Wawel', 'Kraków', 'ul. Wawelska 1', '09:00-23:00', 'kontakt@wawel.pl', '+48123456789', 50.06143, 19.93658, 'https://glovoapp.com/pl/krakow/restauracja-wawel-krk/'),
(5, 5, 'Pierogarnia Krakowska', 'Kraków', 'ul. Grodzka 15', '10:00-22:00', 'info@krakowska.pl', '+48123456780', 50.062, 19.937, NULL),
(6, 6, 'Bar Mleczny Kraków', 'Kraków', 'ul. Dietla 50', '07:00-19:00', 'bar@krakow.pl', '+48123456781', 50.06, 19.94, NULL),
(7, 7, 'Restauracja Panorama', 'Warszawa', 'ul. Marszałkowska 100', '11:00-23:00', 'kontakt@panorama.pl', '+48221234567', 52.22977, 21.01178, 'https://glovoapp.com/pl/warszawa/restauracja-panorama-waw/'),
(8, 8, 'Pierogarnia Warszawska', 'Warszawa', 'ul. Nowy Świat 20', '10:00-22:00', 'info@warszawska.pl', '+48221234568', 52.23, 21.012, NULL),
(9, 9, 'Bar Mleczny Warszawa', 'Warszawa', 'ul. Świętokrzyska 30', '07:00-19:00', 'bar@warszawa.pl', '+48221234569', 52.228, 21.01, NULL),
(10, 10, 'Karczma Polska', 'Wrocław', 'ul. Rynek 1', '10:00-22:00', 'kontakt@karczma.pl', '+48713456789', 51.10789, 17.03854, 'https://glovoapp.com/pl/wroclaw/karczma-polska-wro/'),
(11, 11, 'Restauracja Odra', 'Wrocław', 'ul. Odrzańska 2', '11:00-23:00', 'info@odra.pl', '+48713456780', 51.1085, 17.039, NULL),
(12, 12, 'Bar Mleczny Wrocław', 'Wrocław', 'ul. Piłsudskiego 20', '07:00-19:00', 'bar@wroclaw.pl', '+48713456781', 51.107, 17.04, NULL),
(13, 13, 'Bar Mleczny Neptun', 'Gdańsk', 'ul. Długa 50', '08:00-20:00', 'kontakt@neptun.pl', '+48583456789', 54.35205, 18.64637, 'https://glovoapp.com/pl/gdansk/bar-mleczny-neptun-gdn/'),
(14, 14, 'Restauracja Motława', 'Gdańsk', 'ul. Motławska 10', '11:00-23:00', 'info@motlawa.pl', '+48583456780', 54.353, 18.647, NULL),
(15, 15, 'Pierogarnia Gdańska', 'Gdańsk', 'ul. Piwna 5', '10:00-22:00', 'pierogi@gdansk.pl', '+48583456781', 54.351, 18.648, NULL),
(16, 16, 'Pizzeria Restauracja Arczi', 'Częstochowa', 'ul. Arczi 1', '10:00-22:00', 'kontakt@arczi.pl', '+48343211237', 50.8125, 19.121, 'https://glovoapp.com/pl/en/czestochowa/pizzeria-restauracja-arczi-czw/'),
(17, 17, 'Thang Long', 'Częstochowa', 'ul. Wietnamska 2', '11:00-23:00', 'info@thanglong.pl', '+48343211238', 50.8135, 19.1225, 'https://glovoapp.com/pl/en/czestochowa/thang-long-czw/'),
(18, 18, 'McDonald’s', 'Częstochowa', 'al. Wojska Polskiego 207', '07:00-23:00', 'kontakt@mcdonalds.pl', '+48343211239', 50.814, 19.123, 'https://glovoapp.com/pl/en/czestochowa/mcdonald-s-czw/');

-- --------------------------------------------------------

--
-- Struktura tabeli dla tabeli `orders`
--

CREATE TABLE `orders` (
  `id` int(11) NOT NULL,
  `user_id` int(11) NOT NULL,
  `restaurant_id` int(11) NOT NULL,
  `order_time` datetime NOT NULL,
  `details` text DEFAULT NULL,
  `status` enum('pending','completed','cancelled') NOT NULL DEFAULT 'pending',
  `created_at` timestamp NOT NULL DEFAULT current_timestamp()
) ENGINE=InnoDB DEFAULT CHARSET=utf8mb4 COLLATE=utf8mb4_general_ci;

--
-- Dumping data for table `orders`
--

INSERT INTO `orders` (`id`, `user_id`, `restaurant_id`, `order_time`, `details`, `status`, `created_at`) VALUES
(2, 1, 1, '2025-06-14 12:00:00', '2x Pizza Margherita, 1x Cola', 'completed', '2025-06-14 10:05:00'),
(3, 1, 2, '2025-06-14 13:00:00', '1x Burger, 1x Frytki', 'pending', '2025-06-14 20:56:30'),
(4, 2, 1, '2025-06-13 18:30:00', '3x Sushi, 1x Zielona herbata', 'completed', '2025-06-13 16:31:00'),
(5, 2, 2, '2025-06-12 14:45:00', '1x Zupa pomidorowa, 2x Woda', 'cancelled', '2025-06-12 12:50:00'),
(6, 1, 1, '2025-06-14 12:00:00', '2x Pizza Margherita, 1x Cola', 'completed', '2025-06-14 10:05:00'),
(7, 1, 2, '2025-06-14 13:00:00', '1x Burger, 1x Frytki', 'pending', '2025-06-14 20:57:48'),
(8, 2, 1, '2025-06-13 18:30:00', '3x Sushi, 1x Zielona herbata', 'completed', '2025-06-13 16:31:00'),
(9, 2, 2, '2025-06-12 14:45:00', '1x Zupa pomidorowa, 2x Woda', 'cancelled', '2025-06-12 12:50:00');

-- --------------------------------------------------------

--
-- Struktura tabeli dla tabeli `order_items`
--

CREATE TABLE `order_items` (
  `id` int(11) NOT NULL,
  `order_id` int(11) NOT NULL,
  `dish_name` varchar(100) NOT NULL,
  `quantity` int(11) NOT NULL DEFAULT 1,
  `price` decimal(6,2) NOT NULL
) ENGINE=InnoDB DEFAULT CHARSET=utf8mb4 COLLATE=utf8mb4_general_ci;

--
-- Dumping data for table `order_items`
--

INSERT INTO `order_items` (`id`, `order_id`, `dish_name`, `quantity`, `price`) VALUES
(9, 2, 'Pizza Margherita', 2, 29.90),
(10, 2, 'Coca-Cola 0.5L', 1, 6.00),
(11, 3, 'Burger Classic', 1, 24.50),
(12, 3, 'Frytki', 1, 7.50),
(13, 4, 'Sushi zestaw', 3, 39.00),
(14, 4, 'Zielona herbata', 1, 9.50),
(15, 5, 'Zupa pomidorowa', 1, 12.00),
(16, 5, 'Woda mineralna', 2, 4.00),
(17, 6, 'Pizza Margherita', 2, 29.90),
(18, 6, 'Coca-Cola 0.5L', 1, 6.00),
(19, 7, 'Burger Classic', 1, 24.50),
(20, 7, 'Frytki', 1, 7.50),
(21, 8, 'Sushi zestaw', 3, 39.00),
(22, 8, 'Zielona herbata', 1, 9.50),
(23, 9, 'Zupa pomidorowa', 1, 12.00),
(24, 9, 'Woda mineralna', 2, 4.00);

-- --------------------------------------------------------

--
-- Struktura tabeli dla tabeli `restaurants`
--

CREATE TABLE `restaurants` (
  `id` int(11) NOT NULL,
  `email` varchar(150) NOT NULL,
  `password` varchar(255) NOT NULL,
  `google_id` varchar(255) DEFAULT NULL
) ENGINE=InnoDB DEFAULT CHARSET=utf8mb4 COLLATE=utf8mb4_general_ci;

--
-- Dumping data for table `restaurants`
--

INSERT INTO `restaurants` (`id`, `email`, `password`, `google_id`) VALUES
(1, 'czest1@foodapp.pl', '$2y$10$iFugm8CYpb9zUKRxtllZTe0v1.GauQy5Pe71FRbtHBq9qaAdTEA/C', NULL),
(2, 'czest2@foodapp.pl', '$2y$10$iFugm8CYpb9zUKRxtllZTe0v1.GauQy5Pe71FRbtHBq9qaAdTEA/C', NULL),
(3, 'czest3@foodapp.pl', '$2y$10$iFugm8CYpb9zUKRxtllZTe0v1.GauQy5Pe71FRbtHBq9qaAdTEA/C', NULL),
(4, 'krakow1@foodapp.pl', '$2y$10$iFugm8CYpb9zUKRxtllZTe0v1.GauQy5Pe71FRbtHBq9qaAdTEA/C', NULL),
(5, 'krakow2@foodapp.pl', '$2y$10$iFugm8CYpb9zUKRxtllZTe0v1.GauQy5Pe71FRbtHBq9qaAdTEA/C', NULL),
(6, 'krakow3@foodapp.pl', '$2y$10$iFugm8CYpb9zUKRxtllZTe0v1.GauQy5Pe71FRbtHBq9qaAdTEA/C', NULL),
(7, 'warszawa1@foodapp.pl', '$2y$10$iFugm8CYpb9zUKRxtllZTe0v1.GauQy5Pe71FRbtHBq9qaAdTEA/C', NULL),
(8, 'warszawa2@foodapp.pl', '$2y$10$iFugm8CYpb9zUKRxtllZTe0v1.GauQy5Pe71FRbtHBq9qaAdTEA/C', NULL),
(9, 'warszawa3@foodapp.pl', '$2y$10$iFugm8CYpb9zUKRxtllZTe0v1.GauQy5Pe71FRbtHBq9qaAdTEA/C', NULL),
(10, 'wroclaw1@foodapp.pl', '$2y$10$iFugm8CYpb9zUKRxtllZTe0v1.GauQy5Pe71FRbtHBq9qaAdTEA/C', NULL),
(11, 'wroclaw2@foodapp.pl', '$2y$10$iFugm8CYpb9zUKRxtllZTe0v1.GauQy5Pe71FRbtHBq9qaAdTEA/C', NULL),
(12, 'wroclaw3@foodapp.pl', '$2y$10$iFugm8CYpb9zUKRxtllZTe0v1.GauQy5Pe71FRbtHBq9qaAdTEA/C', NULL),
(13, 'gdansk1@foodapp.pl', '$2y$10$iFugm8CYpb9zUKRxtllZTe0v1.GauQy5Pe71FRbtHBq9qaAdTEA/C', NULL),
(14, 'gdansk2@foodapp.pl', '$2y$10$iFugm8CYpb9zUKRxtllZTe0v1.GauQy5Pe71FRbtHBq9qaAdTEA/C', NULL),
(15, 'gdansk3@foodapp.pl', '$2y$10$iFugm8CYpb9zUKRxtllZTe0v1.GauQy5Pe71FRbtHBq9qaAdTEA/C', NULL),
(16, 'arczi@foodapp.pl', '$2y$10$iFugm8CYpb9zUKRxtllZTe0v1.GauQy5Pe71FRbtHBq9qaAdTEA/C', NULL),
(17, 'thanglong@foodapp.pl', '$2y$10$iFugm8CYpb9zUKRxtllZTe0v1.GauQy5Pe71FRbtHBq9qaAdTEA/C', NULL),
(18, 'mcdonalds@foodapp.pl', '$2y$10$iFugm8CYpb9zUKRxtllZTe0v1.GauQy5Pe71FRbtHBq9qaAdTEA/C', NULL);

-- --------------------------------------------------------

--
-- Struktura tabeli dla tabeli `restaurant_seats`
--

CREATE TABLE `restaurant_seats` (
  `id` int(11) NOT NULL,
  `restaurant_id` int(11) NOT NULL,
  `seat_number` int(11) NOT NULL,
  `is_occupied` tinyint(1) DEFAULT 0,
  `reservation_date` datetime DEFAULT NULL,
  `time_slot` time NOT NULL DEFAULT '12:00:00',
  `nazwisko` varchar(100) DEFAULT NULL,
  `email` varchar(255) DEFAULT NULL,
  `phone` varchar(32) DEFAULT NULL
) ENGINE=InnoDB DEFAULT CHARSET=utf8mb4 COLLATE=utf8mb4_general_ci;

--
-- Dumping data for table `restaurant_seats`
--

INSERT INTO `restaurant_seats` (`id`, `restaurant_id`, `seat_number`, `is_occupied`, `reservation_date`, `time_slot`, `nazwisko`, `email`, `phone`) VALUES
(1, 1, 1, 0, NULL, '12:00:00', NULL, NULL, NULL),
(2, 1, 2, 1, NULL, '12:00:00', '456465', 'dishpatch.sapport@gmail.com', '123456789'),
(3, 1, 3, 0, NULL, '12:00:00', NULL, NULL, NULL),
(4, 1, 4, 0, NULL, '12:00:00', NULL, NULL, NULL),
(5, 1, 5, 0, NULL, '12:00:00', NULL, NULL, NULL),
(6, 1, 6, 1, NULL, '12:00:00', '456465', 'dishpatch.sapport@gmail.com', '123456789'),
(7, 1, 7, 0, NULL, '12:00:00', NULL, NULL, NULL),
(8, 1, 8, 0, NULL, '12:00:00', NULL, NULL, NULL),
(9, 1, 1, 0, NULL, '13:00:00', NULL, NULL, NULL),
(10, 1, 2, 0, NULL, '13:00:00', NULL, NULL, NULL),
(11, 1, 3, 0, NULL, '13:00:00', NULL, NULL, NULL),
(12, 1, 4, 0, NULL, '13:00:00', NULL, NULL, NULL),
(13, 1, 5, 0, NULL, '13:00:00', NULL, NULL, NULL),
(14, 1, 6, 0, NULL, '13:00:00', NULL, NULL, NULL),
(15, 1, 7, 0, NULL, '13:00:00', NULL, NULL, NULL),
(16, 1, 8, 0, NULL, '13:00:00', NULL, NULL, NULL),
(17, 1, 1, 0, NULL, '14:00:00', NULL, NULL, NULL),
(18, 1, 2, 0, NULL, '14:00:00', NULL, NULL, NULL),
(19, 1, 3, 0, NULL, '14:00:00', NULL, NULL, NULL),
(20, 1, 4, 0, NULL, '14:00:00', NULL, NULL, NULL),
(21, 1, 5, 0, NULL, '14:00:00', NULL, NULL, NULL),
(22, 1, 6, 0, NULL, '14:00:00', NULL, NULL, NULL),
(23, 1, 7, 0, NULL, '14:00:00', NULL, NULL, NULL),
(24, 1, 8, 0, NULL, '14:00:00', NULL, NULL, NULL),
(25, 1, 1, 0, NULL, '15:00:00', NULL, NULL, NULL),
(26, 1, 2, 0, NULL, '15:00:00', NULL, NULL, NULL),
(27, 1, 3, 0, NULL, '15:00:00', NULL, NULL, NULL),
(28, 1, 4, 0, NULL, '15:00:00', NULL, NULL, NULL),
(29, 1, 5, 0, NULL, '15:00:00', NULL, NULL, NULL),
(30, 1, 6, 0, NULL, '15:00:00', NULL, NULL, NULL),
(31, 1, 7, 0, NULL, '15:00:00', NULL, NULL, NULL),
(32, 1, 8, 0, NULL, '15:00:00', NULL, NULL, NULL),
(33, 1, 1, 0, NULL, '16:00:00', NULL, NULL, NULL),
(34, 1, 2, 0, NULL, '16:00:00', NULL, NULL, NULL),
(35, 1, 3, 0, NULL, '16:00:00', NULL, NULL, NULL),
(36, 1, 4, 0, NULL, '16:00:00', NULL, NULL, NULL),
(37, 1, 5, 0, NULL, '16:00:00', NULL, NULL, NULL),
(38, 1, 6, 0, NULL, '16:00:00', NULL, NULL, NULL),
(39, 1, 7, 0, NULL, '16:00:00', NULL, NULL, NULL),
(40, 1, 8, 0, NULL, '16:00:00', NULL, NULL, NULL),
(41, 1, 1, 0, NULL, '17:00:00', NULL, NULL, NULL),
(42, 1, 2, 0, NULL, '17:00:00', NULL, NULL, NULL),
(43, 1, 3, 0, NULL, '17:00:00', NULL, NULL, NULL),
(44, 1, 4, 0, NULL, '17:00:00', NULL, NULL, NULL),
(45, 1, 5, 0, NULL, '17:00:00', NULL, NULL, NULL),
(46, 1, 6, 0, NULL, '17:00:00', NULL, NULL, NULL),
(47, 1, 7, 0, NULL, '17:00:00', NULL, NULL, NULL),
(48, 1, 8, 0, NULL, '17:00:00', NULL, NULL, NULL),
(49, 1, 1, 0, NULL, '18:00:00', NULL, NULL, NULL),
(50, 1, 2, 0, NULL, '18:00:00', NULL, NULL, NULL),
(51, 1, 3, 0, NULL, '18:00:00', NULL, NULL, NULL),
(52, 1, 4, 0, NULL, '18:00:00', NULL, NULL, NULL),
(53, 1, 5, 0, NULL, '18:00:00', NULL, NULL, NULL),
(54, 1, 6, 0, NULL, '18:00:00', NULL, NULL, NULL),
(55, 1, 7, 0, NULL, '18:00:00', NULL, NULL, NULL),
(56, 1, 8, 0, NULL, '18:00:00', NULL, NULL, NULL),
(57, 1, 1, 0, NULL, '19:00:00', NULL, NULL, NULL),
(58, 1, 2, 0, NULL, '19:00:00', NULL, NULL, NULL),
(59, 1, 3, 0, NULL, '19:00:00', NULL, NULL, NULL),
(60, 1, 4, 0, NULL, '19:00:00', NULL, NULL, NULL),
(61, 1, 5, 0, NULL, '19:00:00', NULL, NULL, NULL),
(62, 1, 6, 0, NULL, '19:00:00', NULL, NULL, NULL),
(63, 1, 7, 0, NULL, '19:00:00', NULL, NULL, NULL),
(64, 1, 8, 0, NULL, '19:00:00', NULL, NULL, NULL),
(65, 1, 1, 0, NULL, '20:00:00', NULL, NULL, NULL),
(66, 1, 2, 0, NULL, '20:00:00', NULL, NULL, NULL),
(67, 1, 3, 0, NULL, '20:00:00', NULL, NULL, NULL),
(68, 1, 4, 0, NULL, '20:00:00', NULL, NULL, NULL),
(69, 1, 5, 0, NULL, '20:00:00', NULL, NULL, NULL),
(70, 1, 6, 0, NULL, '20:00:00', NULL, NULL, NULL),
(71, 1, 7, 0, NULL, '20:00:00', NULL, NULL, NULL),
(72, 1, 8, 0, NULL, '20:00:00', NULL, NULL, NULL),
(73, 1, 1, 0, NULL, '21:00:00', NULL, NULL, NULL),
(74, 1, 2, 0, NULL, '21:00:00', NULL, NULL, NULL),
(75, 1, 3, 0, NULL, '21:00:00', NULL, NULL, NULL),
(76, 1, 4, 0, NULL, '21:00:00', NULL, NULL, NULL),
(77, 1, 5, 0, NULL, '21:00:00', NULL, NULL, NULL),
(78, 1, 6, 0, NULL, '21:00:00', NULL, NULL, NULL),
(79, 1, 7, 0, NULL, '21:00:00', NULL, NULL, NULL),
(80, 1, 8, 0, NULL, '21:00:00', NULL, NULL, NULL),
(81, 1, 1, 0, NULL, '22:00:00', NULL, NULL, NULL),
(82, 1, 2, 0, NULL, '22:00:00', NULL, NULL, NULL),
(83, 1, 3, 0, NULL, '22:00:00', NULL, NULL, NULL),
(84, 1, 4, 0, NULL, '22:00:00', NULL, NULL, NULL),
(85, 1, 5, 0, NULL, '22:00:00', NULL, NULL, NULL),
(86, 1, 6, 0, NULL, '22:00:00', NULL, NULL, NULL),
(87, 1, 7, 0, NULL, '22:00:00', NULL, NULL, NULL),
(88, 1, 8, 0, NULL, '22:00:00', NULL, NULL, NULL),
(89, 2, 1, 0, NULL, '12:00:00', NULL, NULL, NULL),
(90, 2, 2, 0, NULL, '12:00:00', NULL, NULL, NULL),
(91, 2, 3, 0, NULL, '12:00:00', NULL, NULL, NULL),
(92, 2, 4, 0, NULL, '12:00:00', NULL, NULL, NULL),
(93, 2, 5, 0, NULL, '12:00:00', NULL, NULL, NULL),
(94, 2, 6, 0, NULL, '12:00:00', NULL, NULL, NULL),
(95, 2, 7, 0, NULL, '12:00:00', NULL, NULL, NULL),
(96, 2, 8, 0, NULL, '12:00:00', NULL, NULL, NULL),
(97, 2, 1, 0, NULL, '13:00:00', NULL, NULL, NULL),
(98, 2, 2, 0, NULL, '13:00:00', NULL, NULL, NULL),
(99, 2, 3, 0, NULL, '13:00:00', NULL, NULL, NULL),
(100, 2, 4, 0, NULL, '13:00:00', NULL, NULL, NULL),
(101, 2, 5, 0, NULL, '13:00:00', NULL, NULL, NULL),
(102, 2, 6, 0, NULL, '13:00:00', NULL, NULL, NULL),
(103, 2, 7, 0, NULL, '13:00:00', NULL, NULL, NULL),
(104, 2, 8, 0, NULL, '13:00:00', NULL, NULL, NULL),
(105, 2, 1, 0, NULL, '14:00:00', NULL, NULL, NULL),
(106, 2, 2, 0, NULL, '14:00:00', NULL, NULL, NULL),
(107, 2, 3, 0, NULL, '14:00:00', NULL, NULL, NULL),
(108, 2, 4, 0, NULL, '14:00:00', NULL, NULL, NULL),
(109, 2, 5, 0, NULL, '14:00:00', NULL, NULL, NULL),
(110, 2, 6, 0, NULL, '14:00:00', NULL, NULL, NULL),
(111, 2, 7, 0, NULL, '14:00:00', NULL, NULL, NULL),
(112, 2, 8, 0, NULL, '14:00:00', NULL, NULL, NULL),
(113, 2, 1, 0, NULL, '15:00:00', NULL, NULL, NULL),
(114, 2, 2, 0, NULL, '15:00:00', NULL, NULL, NULL),
(115, 2, 3, 0, NULL, '15:00:00', NULL, NULL, NULL),
(116, 2, 4, 0, NULL, '15:00:00', NULL, NULL, NULL),
(117, 2, 5, 0, NULL, '15:00:00', NULL, NULL, NULL),
(118, 2, 6, 0, NULL, '15:00:00', NULL, NULL, NULL),
(119, 2, 7, 0, NULL, '15:00:00', NULL, NULL, NULL),
(120, 2, 8, 0, NULL, '15:00:00', NULL, NULL, NULL),
(121, 2, 1, 0, NULL, '16:00:00', NULL, NULL, NULL),
(122, 2, 2, 0, NULL, '16:00:00', NULL, NULL, NULL),
(123, 2, 3, 0, NULL, '16:00:00', NULL, NULL, NULL),
(124, 2, 4, 0, NULL, '16:00:00', NULL, NULL, NULL),
(125, 2, 5, 0, NULL, '16:00:00', NULL, NULL, NULL),
(126, 2, 6, 0, NULL, '16:00:00', NULL, NULL, NULL),
(127, 2, 7, 0, NULL, '16:00:00', NULL, NULL, NULL),
(128, 2, 8, 0, NULL, '16:00:00', NULL, NULL, NULL),
(129, 2, 1, 0, NULL, '17:00:00', NULL, NULL, NULL),
(130, 2, 2, 0, NULL, '17:00:00', NULL, NULL, NULL),
(131, 2, 3, 0, NULL, '17:00:00', NULL, NULL, NULL),
(132, 2, 4, 0, NULL, '17:00:00', NULL, NULL, NULL),
(133, 2, 5, 0, NULL, '17:00:00', NULL, NULL, NULL),
(134, 2, 6, 0, NULL, '17:00:00', NULL, NULL, NULL),
(135, 2, 7, 0, NULL, '17:00:00', NULL, NULL, NULL),
(136, 2, 8, 0, NULL, '17:00:00', NULL, NULL, NULL),
(137, 2, 1, 0, NULL, '18:00:00', NULL, NULL, NULL),
(138, 2, 2, 0, NULL, '18:00:00', NULL, NULL, NULL),
(139, 2, 3, 0, NULL, '18:00:00', NULL, NULL, NULL),
(140, 2, 4, 0, NULL, '18:00:00', NULL, NULL, NULL),
(141, 2, 5, 0, NULL, '18:00:00', NULL, NULL, NULL),
(142, 2, 6, 0, NULL, '18:00:00', NULL, NULL, NULL),
(143, 2, 7, 0, NULL, '18:00:00', NULL, NULL, NULL),
(144, 2, 8, 0, NULL, '18:00:00', NULL, NULL, NULL),
(145, 2, 1, 0, NULL, '19:00:00', NULL, NULL, NULL),
(146, 2, 2, 0, NULL, '19:00:00', NULL, NULL, NULL),
(147, 2, 3, 0, NULL, '19:00:00', NULL, NULL, NULL),
(148, 2, 4, 0, NULL, '19:00:00', NULL, NULL, NULL),
(149, 2, 5, 0, NULL, '19:00:00', NULL, NULL, NULL),
(150, 2, 6, 0, NULL, '19:00:00', NULL, NULL, NULL),
(151, 2, 7, 0, NULL, '19:00:00', NULL, NULL, NULL),
(152, 2, 8, 0, NULL, '19:00:00', NULL, NULL, NULL),
(153, 2, 1, 0, NULL, '20:00:00', NULL, NULL, NULL),
(154, 2, 2, 0, NULL, '20:00:00', NULL, NULL, NULL),
(155, 2, 3, 0, NULL, '20:00:00', NULL, NULL, NULL),
(156, 2, 4, 0, NULL, '20:00:00', NULL, NULL, NULL),
(157, 2, 5, 0, NULL, '20:00:00', NULL, NULL, NULL),
(158, 2, 6, 0, NULL, '20:00:00', NULL, NULL, NULL),
(159, 2, 7, 0, NULL, '20:00:00', NULL, NULL, NULL),
(160, 2, 8, 0, NULL, '20:00:00', NULL, NULL, NULL),
(161, 2, 1, 0, NULL, '21:00:00', NULL, NULL, NULL),
(162, 2, 2, 0, NULL, '21:00:00', NULL, NULL, NULL),
(163, 2, 3, 0, NULL, '21:00:00', NULL, NULL, NULL),
(164, 2, 4, 0, NULL, '21:00:00', NULL, NULL, NULL),
(165, 2, 5, 0, NULL, '21:00:00', NULL, NULL, NULL),
(166, 2, 6, 0, NULL, '21:00:00', NULL, NULL, NULL),
(167, 2, 7, 0, NULL, '21:00:00', NULL, NULL, NULL),
(168, 2, 8, 0, NULL, '21:00:00', NULL, NULL, NULL),
(169, 2, 1, 0, NULL, '22:00:00', NULL, NULL, NULL),
(170, 2, 2, 0, NULL, '22:00:00', NULL, NULL, NULL),
(171, 2, 3, 0, NULL, '22:00:00', NULL, NULL, NULL),
(172, 2, 4, 0, NULL, '22:00:00', NULL, NULL, NULL),
(173, 2, 5, 0, NULL, '22:00:00', NULL, NULL, NULL),
(174, 2, 6, 0, NULL, '22:00:00', NULL, NULL, NULL),
(175, 2, 7, 0, NULL, '22:00:00', NULL, NULL, NULL),
(176, 2, 8, 0, NULL, '22:00:00', NULL, NULL, NULL),
(177, 3, 1, 0, NULL, '12:00:00', NULL, NULL, NULL),
(178, 3, 2, 0, NULL, '12:00:00', NULL, NULL, NULL),
(179, 3, 3, 0, NULL, '12:00:00', NULL, NULL, NULL),
(180, 3, 4, 0, NULL, '12:00:00', NULL, NULL, NULL),
(181, 3, 5, 0, NULL, '12:00:00', NULL, NULL, NULL),
(182, 3, 6, 0, NULL, '12:00:00', NULL, NULL, NULL),
(183, 3, 7, 0, NULL, '12:00:00', NULL, NULL, NULL),
(184, 3, 8, 0, NULL, '12:00:00', NULL, NULL, NULL),
(185, 3, 1, 0, NULL, '13:00:00', NULL, NULL, NULL),
(186, 3, 2, 0, NULL, '13:00:00', NULL, NULL, NULL),
(187, 3, 3, 0, NULL, '13:00:00', NULL, NULL, NULL),
(188, 3, 4, 0, NULL, '13:00:00', NULL, NULL, NULL),
(189, 3, 5, 0, NULL, '13:00:00', NULL, NULL, NULL),
(190, 3, 6, 0, NULL, '13:00:00', NULL, NULL, NULL),
(191, 3, 7, 0, NULL, '13:00:00', NULL, NULL, NULL),
(192, 3, 8, 0, NULL, '13:00:00', NULL, NULL, NULL),
(193, 3, 1, 0, NULL, '14:00:00', NULL, NULL, NULL),
(194, 3, 2, 0, NULL, '14:00:00', NULL, NULL, NULL),
(195, 3, 3, 0, NULL, '14:00:00', NULL, NULL, NULL),
(196, 3, 4, 0, NULL, '14:00:00', NULL, NULL, NULL),
(197, 3, 5, 0, NULL, '14:00:00', NULL, NULL, NULL),
(198, 3, 6, 0, NULL, '14:00:00', NULL, NULL, NULL),
(199, 3, 7, 0, NULL, '14:00:00', NULL, NULL, NULL),
(200, 3, 8, 0, NULL, '14:00:00', NULL, NULL, NULL),
(201, 3, 1, 0, NULL, '15:00:00', NULL, NULL, NULL),
(202, 3, 2, 0, NULL, '15:00:00', NULL, NULL, NULL),
(203, 3, 3, 0, NULL, '15:00:00', NULL, NULL, NULL),
(204, 3, 4, 0, NULL, '15:00:00', NULL, NULL, NULL),
(205, 3, 5, 0, NULL, '15:00:00', NULL, NULL, NULL),
(206, 3, 6, 0, NULL, '15:00:00', NULL, NULL, NULL),
(207, 3, 7, 0, NULL, '15:00:00', NULL, NULL, NULL),
(208, 3, 8, 0, NULL, '15:00:00', NULL, NULL, NULL),
(209, 3, 1, 0, NULL, '16:00:00', NULL, NULL, NULL),
(210, 3, 2, 0, NULL, '16:00:00', NULL, NULL, NULL),
(211, 3, 3, 0, NULL, '16:00:00', NULL, NULL, NULL),
(212, 3, 4, 0, NULL, '16:00:00', NULL, NULL, NULL),
(213, 3, 5, 0, NULL, '16:00:00', NULL, NULL, NULL),
(214, 3, 6, 0, NULL, '16:00:00', NULL, NULL, NULL),
(215, 3, 7, 0, NULL, '16:00:00', NULL, NULL, NULL),
(216, 3, 8, 0, NULL, '16:00:00', NULL, NULL, NULL),
(217, 3, 1, 0, NULL, '17:00:00', NULL, NULL, NULL),
(218, 3, 2, 0, NULL, '17:00:00', NULL, NULL, NULL),
(219, 3, 3, 0, NULL, '17:00:00', NULL, NULL, NULL),
(220, 3, 4, 0, NULL, '17:00:00', NULL, NULL, NULL),
(221, 3, 5, 0, NULL, '17:00:00', NULL, NULL, NULL),
(222, 3, 6, 0, NULL, '17:00:00', NULL, NULL, NULL),
(223, 3, 7, 0, NULL, '17:00:00', NULL, NULL, NULL),
(224, 3, 8, 0, NULL, '17:00:00', NULL, NULL, NULL),
(225, 3, 1, 0, NULL, '18:00:00', NULL, NULL, NULL),
(226, 3, 2, 0, NULL, '18:00:00', NULL, NULL, NULL),
(227, 3, 3, 0, NULL, '18:00:00', NULL, NULL, NULL),
(228, 3, 4, 0, NULL, '18:00:00', NULL, NULL, NULL),
(229, 3, 5, 0, NULL, '18:00:00', NULL, NULL, NULL),
(230, 3, 6, 0, NULL, '18:00:00', NULL, NULL, NULL),
(231, 3, 7, 0, NULL, '18:00:00', NULL, NULL, NULL),
(232, 3, 8, 0, NULL, '18:00:00', NULL, NULL, NULL),
(233, 3, 1, 0, NULL, '19:00:00', NULL, NULL, NULL),
(234, 3, 2, 0, NULL, '19:00:00', NULL, NULL, NULL),
(235, 3, 3, 0, NULL, '19:00:00', NULL, NULL, NULL),
(236, 3, 4, 0, NULL, '19:00:00', NULL, NULL, NULL),
(237, 3, 5, 0, NULL, '19:00:00', NULL, NULL, NULL),
(238, 3, 6, 0, NULL, '19:00:00', NULL, NULL, NULL),
(239, 3, 7, 0, NULL, '19:00:00', NULL, NULL, NULL),
(240, 3, 8, 0, NULL, '19:00:00', NULL, NULL, NULL),
(241, 3, 1, 0, NULL, '20:00:00', NULL, NULL, NULL),
(242, 3, 2, 0, NULL, '20:00:00', NULL, NULL, NULL),
(243, 3, 3, 0, NULL, '20:00:00', NULL, NULL, NULL),
(244, 3, 4, 0, NULL, '20:00:00', NULL, NULL, NULL),
(245, 3, 5, 0, NULL, '20:00:00', NULL, NULL, NULL),
(246, 3, 6, 0, NULL, '20:00:00', NULL, NULL, NULL),
(247, 3, 7, 0, NULL, '20:00:00', NULL, NULL, NULL),
(248, 3, 8, 0, NULL, '20:00:00', NULL, NULL, NULL),
(249, 3, 1, 0, NULL, '21:00:00', NULL, NULL, NULL),
(250, 3, 2, 0, NULL, '21:00:00', NULL, NULL, NULL),
(251, 3, 3, 0, NULL, '21:00:00', NULL, NULL, NULL),
(252, 3, 4, 0, NULL, '21:00:00', NULL, NULL, NULL),
(253, 3, 5, 0, NULL, '21:00:00', NULL, NULL, NULL),
(254, 3, 6, 0, NULL, '21:00:00', NULL, NULL, NULL),
(255, 3, 7, 0, NULL, '21:00:00', NULL, NULL, NULL),
(256, 3, 8, 0, NULL, '21:00:00', NULL, NULL, NULL),
(257, 3, 1, 0, NULL, '22:00:00', NULL, NULL, NULL),
(258, 3, 2, 0, NULL, '22:00:00', NULL, NULL, NULL),
(259, 3, 3, 0, NULL, '22:00:00', NULL, NULL, NULL),
(260, 3, 4, 0, NULL, '22:00:00', NULL, NULL, NULL),
(261, 3, 5, 0, NULL, '22:00:00', NULL, NULL, NULL),
(262, 3, 6, 0, NULL, '22:00:00', NULL, NULL, NULL),
(263, 3, 7, 0, NULL, '22:00:00', NULL, NULL, NULL),
(264, 3, 8, 0, NULL, '22:00:00', NULL, NULL, NULL),
(265, 4, 1, 0, NULL, '12:00:00', NULL, NULL, NULL),
(266, 4, 2, 0, NULL, '12:00:00', NULL, NULL, NULL),
(267, 4, 3, 0, NULL, '12:00:00', NULL, NULL, NULL),
(268, 4, 4, 0, NULL, '12:00:00', NULL, NULL, NULL),
(269, 4, 5, 0, NULL, '12:00:00', NULL, NULL, NULL),
(270, 4, 6, 0, NULL, '12:00:00', NULL, NULL, NULL),
(271, 4, 7, 0, NULL, '12:00:00', NULL, NULL, NULL),
(272, 4, 8, 0, NULL, '12:00:00', NULL, NULL, NULL),
(273, 4, 1, 0, NULL, '13:00:00', NULL, NULL, NULL),
(274, 4, 2, 0, NULL, '13:00:00', NULL, NULL, NULL),
(275, 4, 3, 0, NULL, '13:00:00', NULL, NULL, NULL),
(276, 4, 4, 0, NULL, '13:00:00', NULL, NULL, NULL),
(277, 4, 5, 0, NULL, '13:00:00', NULL, NULL, NULL),
(278, 4, 6, 0, NULL, '13:00:00', NULL, NULL, NULL),
(279, 4, 7, 0, NULL, '13:00:00', NULL, NULL, NULL),
(280, 4, 8, 0, NULL, '13:00:00', NULL, NULL, NULL),
(281, 4, 1, 0, NULL, '14:00:00', NULL, NULL, NULL),
(282, 4, 2, 0, NULL, '14:00:00', NULL, NULL, NULL),
(283, 4, 3, 0, NULL, '14:00:00', NULL, NULL, NULL),
(284, 4, 4, 0, NULL, '14:00:00', NULL, NULL, NULL),
(285, 4, 5, 0, NULL, '14:00:00', NULL, NULL, NULL),
(286, 4, 6, 0, NULL, '14:00:00', NULL, NULL, NULL),
(287, 4, 7, 0, NULL, '14:00:00', NULL, NULL, NULL),
(288, 4, 8, 0, NULL, '14:00:00', NULL, NULL, NULL),
(289, 4, 1, 0, NULL, '15:00:00', NULL, NULL, NULL),
(290, 4, 2, 0, NULL, '15:00:00', NULL, NULL, NULL),
(291, 4, 3, 0, NULL, '15:00:00', NULL, NULL, NULL),
(292, 4, 4, 0, NULL, '15:00:00', NULL, NULL, NULL),
(293, 4, 5, 0, NULL, '15:00:00', NULL, NULL, NULL),
(294, 4, 6, 0, NULL, '15:00:00', NULL, NULL, NULL),
(295, 4, 7, 0, NULL, '15:00:00', NULL, NULL, NULL),
(296, 4, 8, 0, NULL, '15:00:00', NULL, NULL, NULL),
(297, 4, 1, 0, NULL, '16:00:00', NULL, NULL, NULL),
(298, 4, 2, 0, NULL, '16:00:00', NULL, NULL, NULL),
(299, 4, 3, 0, NULL, '16:00:00', NULL, NULL, NULL),
(300, 4, 4, 0, NULL, '16:00:00', NULL, NULL, NULL),
(301, 4, 5, 0, NULL, '16:00:00', NULL, NULL, NULL),
(302, 4, 6, 0, NULL, '16:00:00', NULL, NULL, NULL),
(303, 4, 7, 0, NULL, '16:00:00', NULL, NULL, NULL),
(304, 4, 8, 0, NULL, '16:00:00', NULL, NULL, NULL),
(305, 4, 1, 0, NULL, '17:00:00', NULL, NULL, NULL),
(306, 4, 2, 0, NULL, '17:00:00', NULL, NULL, NULL),
(307, 4, 3, 0, NULL, '17:00:00', NULL, NULL, NULL),
(308, 4, 4, 0, NULL, '17:00:00', NULL, NULL, NULL),
(309, 4, 5, 0, NULL, '17:00:00', NULL, NULL, NULL),
(310, 4, 6, 0, NULL, '17:00:00', NULL, NULL, NULL),
(311, 4, 7, 0, NULL, '17:00:00', NULL, NULL, NULL),
(312, 4, 8, 0, NULL, '17:00:00', NULL, NULL, NULL),
(313, 4, 1, 0, NULL, '18:00:00', NULL, NULL, NULL),
(314, 4, 2, 0, NULL, '18:00:00', NULL, NULL, NULL),
(315, 4, 3, 0, NULL, '18:00:00', NULL, NULL, NULL),
(316, 4, 4, 0, NULL, '18:00:00', NULL, NULL, NULL),
(317, 4, 5, 0, NULL, '18:00:00', NULL, NULL, NULL),
(318, 4, 6, 0, NULL, '18:00:00', NULL, NULL, NULL),
(319, 4, 7, 0, NULL, '18:00:00', NULL, NULL, NULL),
(320, 4, 8, 0, NULL, '18:00:00', NULL, NULL, NULL),
(321, 4, 1, 0, NULL, '19:00:00', NULL, NULL, NULL),
(322, 4, 2, 0, NULL, '19:00:00', NULL, NULL, NULL),
(323, 4, 3, 0, NULL, '19:00:00', NULL, NULL, NULL),
(324, 4, 4, 0, NULL, '19:00:00', NULL, NULL, NULL),
(325, 4, 5, 0, NULL, '19:00:00', NULL, NULL, NULL),
(326, 4, 6, 0, NULL, '19:00:00', NULL, NULL, NULL),
(327, 4, 7, 0, NULL, '19:00:00', NULL, NULL, NULL),
(328, 4, 8, 0, NULL, '19:00:00', NULL, NULL, NULL),
(329, 4, 1, 0, NULL, '20:00:00', NULL, NULL, NULL),
(330, 4, 2, 0, NULL, '20:00:00', NULL, NULL, NULL),
(331, 4, 3, 0, NULL, '20:00:00', NULL, NULL, NULL),
(332, 4, 4, 0, NULL, '20:00:00', NULL, NULL, NULL),
(333, 4, 5, 0, NULL, '20:00:00', NULL, NULL, NULL),
(334, 4, 6, 0, NULL, '20:00:00', NULL, NULL, NULL),
(335, 4, 7, 0, NULL, '20:00:00', NULL, NULL, NULL),
(336, 4, 8, 0, NULL, '20:00:00', NULL, NULL, NULL),
(337, 4, 1, 0, NULL, '21:00:00', NULL, NULL, NULL),
(338, 4, 2, 0, NULL, '21:00:00', NULL, NULL, NULL),
(339, 4, 3, 0, NULL, '21:00:00', NULL, NULL, NULL),
(340, 4, 4, 0, NULL, '21:00:00', NULL, NULL, NULL),
(341, 4, 5, 0, NULL, '21:00:00', NULL, NULL, NULL),
(342, 4, 6, 0, NULL, '21:00:00', NULL, NULL, NULL),
(343, 4, 7, 0, NULL, '21:00:00', NULL, NULL, NULL),
(344, 4, 8, 0, NULL, '21:00:00', NULL, NULL, NULL),
(345, 4, 1, 0, NULL, '22:00:00', NULL, NULL, NULL),
(346, 4, 2, 0, NULL, '22:00:00', NULL, NULL, NULL),
(347, 4, 3, 0, NULL, '22:00:00', NULL, NULL, NULL),
(348, 4, 4, 0, NULL, '22:00:00', NULL, NULL, NULL),
(349, 4, 5, 0, NULL, '22:00:00', NULL, NULL, NULL),
(350, 4, 6, 0, NULL, '22:00:00', NULL, NULL, NULL),
(351, 4, 7, 0, NULL, '22:00:00', NULL, NULL, NULL),
(352, 4, 8, 0, NULL, '22:00:00', NULL, NULL, NULL),
(353, 5, 1, 0, NULL, '12:00:00', NULL, NULL, NULL),
(354, 5, 2, 0, NULL, '12:00:00', NULL, NULL, NULL),
(355, 5, 3, 0, NULL, '12:00:00', NULL, NULL, NULL),
(356, 5, 4, 0, NULL, '12:00:00', NULL, NULL, NULL),
(357, 5, 5, 0, NULL, '12:00:00', NULL, NULL, NULL),
(358, 5, 6, 0, NULL, '12:00:00', NULL, NULL, NULL),
(359, 5, 7, 0, NULL, '12:00:00', NULL, NULL, NULL),
(360, 5, 8, 0, NULL, '12:00:00', NULL, NULL, NULL),
(361, 5, 1, 0, NULL, '13:00:00', NULL, NULL, NULL),
(362, 5, 2, 0, NULL, '13:00:00', NULL, NULL, NULL),
(363, 5, 3, 0, NULL, '13:00:00', NULL, NULL, NULL),
(364, 5, 4, 0, NULL, '13:00:00', NULL, NULL, NULL),
(365, 5, 5, 0, NULL, '13:00:00', NULL, NULL, NULL),
(366, 5, 6, 0, NULL, '13:00:00', NULL, NULL, NULL),
(367, 5, 7, 0, NULL, '13:00:00', NULL, NULL, NULL),
(368, 5, 8, 0, NULL, '13:00:00', NULL, NULL, NULL),
(369, 5, 1, 0, NULL, '14:00:00', NULL, NULL, NULL),
(370, 5, 2, 0, NULL, '14:00:00', NULL, NULL, NULL),
(371, 5, 3, 0, NULL, '14:00:00', NULL, NULL, NULL),
(372, 5, 4, 0, NULL, '14:00:00', NULL, NULL, NULL),
(373, 5, 5, 0, NULL, '14:00:00', NULL, NULL, NULL),
(374, 5, 6, 0, NULL, '14:00:00', NULL, NULL, NULL),
(375, 5, 7, 0, NULL, '14:00:00', NULL, NULL, NULL),
(376, 5, 8, 0, NULL, '14:00:00', NULL, NULL, NULL),
(377, 5, 1, 0, NULL, '15:00:00', NULL, NULL, NULL),
(378, 5, 2, 0, NULL, '15:00:00', NULL, NULL, NULL),
(379, 5, 3, 0, NULL, '15:00:00', NULL, NULL, NULL),
(380, 5, 4, 0, NULL, '15:00:00', NULL, NULL, NULL),
(381, 5, 5, 0, NULL, '15:00:00', NULL, NULL, NULL),
(382, 5, 6, 0, NULL, '15:00:00', NULL, NULL, NULL),
(383, 5, 7, 0, NULL, '15:00:00', NULL, NULL, NULL),
(384, 5, 8, 0, NULL, '15:00:00', NULL, NULL, NULL),
(385, 5, 1, 0, NULL, '16:00:00', NULL, NULL, NULL),
(386, 5, 2, 0, NULL, '16:00:00', NULL, NULL, NULL),
(387, 5, 3, 0, NULL, '16:00:00', NULL, NULL, NULL),
(388, 5, 4, 0, NULL, '16:00:00', NULL, NULL, NULL),
(389, 5, 5, 0, NULL, '16:00:00', NULL, NULL, NULL),
(390, 5, 6, 0, NULL, '16:00:00', NULL, NULL, NULL),
(391, 5, 7, 0, NULL, '16:00:00', NULL, NULL, NULL),
(392, 5, 8, 0, NULL, '16:00:00', NULL, NULL, NULL),
(393, 5, 1, 0, NULL, '17:00:00', NULL, NULL, NULL),
(394, 5, 2, 0, NULL, '17:00:00', NULL, NULL, NULL),
(395, 5, 3, 0, NULL, '17:00:00', NULL, NULL, NULL),
(396, 5, 4, 0, NULL, '17:00:00', NULL, NULL, NULL),
(397, 5, 5, 0, NULL, '17:00:00', NULL, NULL, NULL),
(398, 5, 6, 0, NULL, '17:00:00', NULL, NULL, NULL),
(399, 5, 7, 0, NULL, '17:00:00', NULL, NULL, NULL),
(400, 5, 8, 0, NULL, '17:00:00', NULL, NULL, NULL),
(401, 5, 1, 0, NULL, '18:00:00', NULL, NULL, NULL),
(402, 5, 2, 0, NULL, '18:00:00', NULL, NULL, NULL),
(403, 5, 3, 0, NULL, '18:00:00', NULL, NULL, NULL),
(404, 5, 4, 0, NULL, '18:00:00', NULL, NULL, NULL),
(405, 5, 5, 0, NULL, '18:00:00', NULL, NULL, NULL),
(406, 5, 6, 0, NULL, '18:00:00', NULL, NULL, NULL),
(407, 5, 7, 0, NULL, '18:00:00', NULL, NULL, NULL),
(408, 5, 8, 0, NULL, '18:00:00', NULL, NULL, NULL),
(409, 5, 1, 0, NULL, '19:00:00', NULL, NULL, NULL),
(410, 5, 2, 0, NULL, '19:00:00', NULL, NULL, NULL),
(411, 5, 3, 0, NULL, '19:00:00', NULL, NULL, NULL),
(412, 5, 4, 0, NULL, '19:00:00', NULL, NULL, NULL),
(413, 5, 5, 0, NULL, '19:00:00', NULL, NULL, NULL),
(414, 5, 6, 0, NULL, '19:00:00', NULL, NULL, NULL),
(415, 5, 7, 0, NULL, '19:00:00', NULL, NULL, NULL),
(416, 5, 8, 0, NULL, '19:00:00', NULL, NULL, NULL),
(417, 5, 1, 0, NULL, '20:00:00', NULL, NULL, NULL),
(418, 5, 2, 0, NULL, '20:00:00', NULL, NULL, NULL),
(419, 5, 3, 0, NULL, '20:00:00', NULL, NULL, NULL),
(420, 5, 4, 0, NULL, '20:00:00', NULL, NULL, NULL),
(421, 5, 5, 0, NULL, '20:00:00', NULL, NULL, NULL),
(422, 5, 6, 0, NULL, '20:00:00', NULL, NULL, NULL),
(423, 5, 7, 0, NULL, '20:00:00', NULL, NULL, NULL),
(424, 5, 8, 0, NULL, '20:00:00', NULL, NULL, NULL),
(425, 5, 1, 0, NULL, '21:00:00', NULL, NULL, NULL),
(426, 5, 2, 0, NULL, '21:00:00', NULL, NULL, NULL),
(427, 5, 3, 0, NULL, '21:00:00', NULL, NULL, NULL),
(428, 5, 4, 0, NULL, '21:00:00', NULL, NULL, NULL),
(429, 5, 5, 0, NULL, '21:00:00', NULL, NULL, NULL),
(430, 5, 6, 0, NULL, '21:00:00', NULL, NULL, NULL),
(431, 5, 7, 0, NULL, '21:00:00', NULL, NULL, NULL),
(432, 5, 8, 0, NULL, '21:00:00', NULL, NULL, NULL),
(433, 5, 1, 0, NULL, '22:00:00', NULL, NULL, NULL),
(434, 5, 2, 0, NULL, '22:00:00', NULL, NULL, NULL),
(435, 5, 3, 0, NULL, '22:00:00', NULL, NULL, NULL),
(436, 5, 4, 0, NULL, '22:00:00', NULL, NULL, NULL),
(437, 5, 5, 0, NULL, '22:00:00', NULL, NULL, NULL),
(438, 5, 6, 0, NULL, '22:00:00', NULL, NULL, NULL),
(439, 5, 7, 0, NULL, '22:00:00', NULL, NULL, NULL),
(440, 5, 8, 0, NULL, '22:00:00', NULL, NULL, NULL),
(441, 6, 1, 0, NULL, '12:00:00', NULL, NULL, NULL),
(442, 6, 2, 0, NULL, '12:00:00', NULL, NULL, NULL),
(443, 6, 3, 0, NULL, '12:00:00', NULL, NULL, NULL),
(444, 6, 4, 0, NULL, '12:00:00', NULL, NULL, NULL),
(445, 6, 5, 0, NULL, '12:00:00', NULL, NULL, NULL),
(446, 6, 6, 0, NULL, '12:00:00', NULL, NULL, NULL),
(447, 6, 7, 0, NULL, '12:00:00', NULL, NULL, NULL),
(448, 6, 8, 0, NULL, '12:00:00', NULL, NULL, NULL),
(449, 6, 1, 0, NULL, '13:00:00', NULL, NULL, NULL),
(450, 6, 2, 0, NULL, '13:00:00', NULL, NULL, NULL),
(451, 6, 3, 0, NULL, '13:00:00', NULL, NULL, NULL),
(452, 6, 4, 0, NULL, '13:00:00', NULL, NULL, NULL),
(453, 6, 5, 0, NULL, '13:00:00', NULL, NULL, NULL),
(454, 6, 6, 0, NULL, '13:00:00', NULL, NULL, NULL),
(455, 6, 7, 0, NULL, '13:00:00', NULL, NULL, NULL),
(456, 6, 8, 0, NULL, '13:00:00', NULL, NULL, NULL),
(457, 6, 1, 0, NULL, '14:00:00', NULL, NULL, NULL),
(458, 6, 2, 0, NULL, '14:00:00', NULL, NULL, NULL),
(459, 6, 3, 0, NULL, '14:00:00', NULL, NULL, NULL),
(460, 6, 4, 0, NULL, '14:00:00', NULL, NULL, NULL),
(461, 6, 5, 0, NULL, '14:00:00', NULL, NULL, NULL),
(462, 6, 6, 0, NULL, '14:00:00', NULL, NULL, NULL),
(463, 6, 7, 0, NULL, '14:00:00', NULL, NULL, NULL),
(464, 6, 8, 0, NULL, '14:00:00', NULL, NULL, NULL),
(465, 6, 1, 0, NULL, '15:00:00', NULL, NULL, NULL),
(466, 6, 2, 0, NULL, '15:00:00', NULL, NULL, NULL),
(467, 6, 3, 0, NULL, '15:00:00', NULL, NULL, NULL),
(468, 6, 4, 0, NULL, '15:00:00', NULL, NULL, NULL),
(469, 6, 5, 0, NULL, '15:00:00', NULL, NULL, NULL),
(470, 6, 6, 0, NULL, '15:00:00', NULL, NULL, NULL),
(471, 6, 7, 0, NULL, '15:00:00', NULL, NULL, NULL),
(472, 6, 8, 0, NULL, '15:00:00', NULL, NULL, NULL),
(473, 6, 1, 0, NULL, '16:00:00', NULL, NULL, NULL),
(474, 6, 2, 0, NULL, '16:00:00', NULL, NULL, NULL),
(475, 6, 3, 0, NULL, '16:00:00', NULL, NULL, NULL),
(476, 6, 4, 0, NULL, '16:00:00', NULL, NULL, NULL),
(477, 6, 5, 0, NULL, '16:00:00', NULL, NULL, NULL),
(478, 6, 6, 0, NULL, '16:00:00', NULL, NULL, NULL),
(479, 6, 7, 0, NULL, '16:00:00', NULL, NULL, NULL),
(480, 6, 8, 0, NULL, '16:00:00', NULL, NULL, NULL),
(481, 6, 1, 0, NULL, '17:00:00', NULL, NULL, NULL),
(482, 6, 2, 0, NULL, '17:00:00', NULL, NULL, NULL),
(483, 6, 3, 0, NULL, '17:00:00', NULL, NULL, NULL),
(484, 6, 4, 0, NULL, '17:00:00', NULL, NULL, NULL),
(485, 6, 5, 0, NULL, '17:00:00', NULL, NULL, NULL),
(486, 6, 6, 0, NULL, '17:00:00', NULL, NULL, NULL),
(487, 6, 7, 0, NULL, '17:00:00', NULL, NULL, NULL),
(488, 6, 8, 0, NULL, '17:00:00', NULL, NULL, NULL),
(489, 6, 1, 0, NULL, '18:00:00', NULL, NULL, NULL),
(490, 6, 2, 0, NULL, '18:00:00', NULL, NULL, NULL),
(491, 6, 3, 0, NULL, '18:00:00', NULL, NULL, NULL),
(492, 6, 4, 0, NULL, '18:00:00', NULL, NULL, NULL),
(493, 6, 5, 0, NULL, '18:00:00', NULL, NULL, NULL),
(494, 6, 6, 0, NULL, '18:00:00', NULL, NULL, NULL),
(495, 6, 7, 0, NULL, '18:00:00', NULL, NULL, NULL),
(496, 6, 8, 0, NULL, '18:00:00', NULL, NULL, NULL),
(497, 6, 1, 0, NULL, '19:00:00', NULL, NULL, NULL),
(498, 6, 2, 0, NULL, '19:00:00', NULL, NULL, NULL),
(499, 6, 3, 0, NULL, '19:00:00', NULL, NULL, NULL),
(500, 6, 4, 0, NULL, '19:00:00', NULL, NULL, NULL),
(501, 6, 5, 0, NULL, '19:00:00', NULL, NULL, NULL),
(502, 6, 6, 0, NULL, '19:00:00', NULL, NULL, NULL),
(503, 6, 7, 0, NULL, '19:00:00', NULL, NULL, NULL),
(504, 6, 8, 0, NULL, '19:00:00', NULL, NULL, NULL),
(505, 6, 1, 0, NULL, '20:00:00', NULL, NULL, NULL),
(506, 6, 2, 0, NULL, '20:00:00', NULL, NULL, NULL),
(507, 6, 3, 0, NULL, '20:00:00', NULL, NULL, NULL),
(508, 6, 4, 0, NULL, '20:00:00', NULL, NULL, NULL),
(509, 6, 5, 0, NULL, '20:00:00', NULL, NULL, NULL),
(510, 6, 6, 0, NULL, '20:00:00', NULL, NULL, NULL),
(511, 6, 7, 0, NULL, '20:00:00', NULL, NULL, NULL),
(512, 6, 8, 0, NULL, '20:00:00', NULL, NULL, NULL),
(513, 6, 1, 0, NULL, '21:00:00', NULL, NULL, NULL),
(514, 6, 2, 0, NULL, '21:00:00', NULL, NULL, NULL),
(515, 6, 3, 0, NULL, '21:00:00', NULL, NULL, NULL),
(516, 6, 4, 0, NULL, '21:00:00', NULL, NULL, NULL),
(517, 6, 5, 0, NULL, '21:00:00', NULL, NULL, NULL),
(518, 6, 6, 0, NULL, '21:00:00', NULL, NULL, NULL),
(519, 6, 7, 0, NULL, '21:00:00', NULL, NULL, NULL),
(520, 6, 8, 0, NULL, '21:00:00', NULL, NULL, NULL),
(521, 6, 1, 0, NULL, '22:00:00', NULL, NULL, NULL),
(522, 6, 2, 0, NULL, '22:00:00', NULL, NULL, NULL),
(523, 6, 3, 0, NULL, '22:00:00', NULL, NULL, NULL),
(524, 6, 4, 0, NULL, '22:00:00', NULL, NULL, NULL),
(525, 6, 5, 0, NULL, '22:00:00', NULL, NULL, NULL),
(526, 6, 6, 0, NULL, '22:00:00', NULL, NULL, NULL),
(527, 6, 7, 0, NULL, '22:00:00', NULL, NULL, NULL),
(528, 6, 8, 0, NULL, '22:00:00', NULL, NULL, NULL),
(529, 7, 1, 0, NULL, '12:00:00', NULL, NULL, NULL),
(530, 7, 2, 0, NULL, '12:00:00', NULL, NULL, NULL),
(531, 7, 3, 0, NULL, '12:00:00', NULL, NULL, NULL),
(532, 7, 4, 0, NULL, '12:00:00', NULL, NULL, NULL),
(533, 7, 5, 0, NULL, '12:00:00', NULL, NULL, NULL),
(534, 7, 6, 0, NULL, '12:00:00', NULL, NULL, NULL),
(535, 7, 7, 0, NULL, '12:00:00', NULL, NULL, NULL),
(536, 7, 8, 0, NULL, '12:00:00', NULL, NULL, NULL),
(537, 7, 1, 0, NULL, '13:00:00', NULL, NULL, NULL),
(538, 7, 2, 0, NULL, '13:00:00', NULL, NULL, NULL),
(539, 7, 3, 0, NULL, '13:00:00', NULL, NULL, NULL),
(540, 7, 4, 0, NULL, '13:00:00', NULL, NULL, NULL),
(541, 7, 5, 0, NULL, '13:00:00', NULL, NULL, NULL),
(542, 7, 6, 0, NULL, '13:00:00', NULL, NULL, NULL),
(543, 7, 7, 0, NULL, '13:00:00', NULL, NULL, NULL),
(544, 7, 8, 0, NULL, '13:00:00', NULL, NULL, NULL),
(545, 7, 1, 0, NULL, '14:00:00', NULL, NULL, NULL),
(546, 7, 2, 0, NULL, '14:00:00', NULL, NULL, NULL),
(547, 7, 3, 0, NULL, '14:00:00', NULL, NULL, NULL),
(548, 7, 4, 0, NULL, '14:00:00', NULL, NULL, NULL),
(549, 7, 5, 0, NULL, '14:00:00', NULL, NULL, NULL),
(550, 7, 6, 0, NULL, '14:00:00', NULL, NULL, NULL),
(551, 7, 7, 0, NULL, '14:00:00', NULL, NULL, NULL),
(552, 7, 8, 0, NULL, '14:00:00', NULL, NULL, NULL),
(553, 7, 1, 0, NULL, '15:00:00', NULL, NULL, NULL),
(554, 7, 2, 0, NULL, '15:00:00', NULL, NULL, NULL),
(555, 7, 3, 0, NULL, '15:00:00', NULL, NULL, NULL),
(556, 7, 4, 0, NULL, '15:00:00', NULL, NULL, NULL),
(557, 7, 5, 0, NULL, '15:00:00', NULL, NULL, NULL),
(558, 7, 6, 0, NULL, '15:00:00', NULL, NULL, NULL),
(559, 7, 7, 0, NULL, '15:00:00', NULL, NULL, NULL),
(560, 7, 8, 0, NULL, '15:00:00', NULL, NULL, NULL),
(561, 7, 1, 0, NULL, '16:00:00', NULL, NULL, NULL),
(562, 7, 2, 0, NULL, '16:00:00', NULL, NULL, NULL),
(563, 7, 3, 0, NULL, '16:00:00', NULL, NULL, NULL),
(564, 7, 4, 0, NULL, '16:00:00', NULL, NULL, NULL),
(565, 7, 5, 0, NULL, '16:00:00', NULL, NULL, NULL),
(566, 7, 6, 0, NULL, '16:00:00', NULL, NULL, NULL),
(567, 7, 7, 0, NULL, '16:00:00', NULL, NULL, NULL),
(568, 7, 8, 0, NULL, '16:00:00', NULL, NULL, NULL),
(569, 7, 1, 0, NULL, '17:00:00', NULL, NULL, NULL),
(570, 7, 2, 0, NULL, '17:00:00', NULL, NULL, NULL),
(571, 7, 3, 0, NULL, '17:00:00', NULL, NULL, NULL),
(572, 7, 4, 0, NULL, '17:00:00', NULL, NULL, NULL),
(573, 7, 5, 0, NULL, '17:00:00', NULL, NULL, NULL),
(574, 7, 6, 0, NULL, '17:00:00', NULL, NULL, NULL),
(575, 7, 7, 0, NULL, '17:00:00', NULL, NULL, NULL),
(576, 7, 8, 0, NULL, '17:00:00', NULL, NULL, NULL),
(577, 7, 1, 0, NULL, '18:00:00', NULL, NULL, NULL),
(578, 7, 2, 0, NULL, '18:00:00', NULL, NULL, NULL),
(579, 7, 3, 0, NULL, '18:00:00', NULL, NULL, NULL),
(580, 7, 4, 0, NULL, '18:00:00', NULL, NULL, NULL),
(581, 7, 5, 0, NULL, '18:00:00', NULL, NULL, NULL),
(582, 7, 6, 0, NULL, '18:00:00', NULL, NULL, NULL),
(583, 7, 7, 0, NULL, '18:00:00', NULL, NULL, NULL),
(584, 7, 8, 0, NULL, '18:00:00', NULL, NULL, NULL),
(585, 7, 1, 0, NULL, '19:00:00', NULL, NULL, NULL),
(586, 7, 2, 0, NULL, '19:00:00', NULL, NULL, NULL),
(587, 7, 3, 0, NULL, '19:00:00', NULL, NULL, NULL),
(588, 7, 4, 0, NULL, '19:00:00', NULL, NULL, NULL),
(589, 7, 5, 0, NULL, '19:00:00', NULL, NULL, NULL),
(590, 7, 6, 0, NULL, '19:00:00', NULL, NULL, NULL),
(591, 7, 7, 0, NULL, '19:00:00', NULL, NULL, NULL),
(592, 7, 8, 0, NULL, '19:00:00', NULL, NULL, NULL),
(593, 7, 1, 0, NULL, '20:00:00', NULL, NULL, NULL),
(594, 7, 2, 0, NULL, '20:00:00', NULL, NULL, NULL),
(595, 7, 3, 0, NULL, '20:00:00', NULL, NULL, NULL),
(596, 7, 4, 0, NULL, '20:00:00', NULL, NULL, NULL),
(597, 7, 5, 0, NULL, '20:00:00', NULL, NULL, NULL),
(598, 7, 6, 0, NULL, '20:00:00', NULL, NULL, NULL),
(599, 7, 7, 0, NULL, '20:00:00', NULL, NULL, NULL),
(600, 7, 8, 0, NULL, '20:00:00', NULL, NULL, NULL),
(601, 7, 1, 0, NULL, '21:00:00', NULL, NULL, NULL),
(602, 7, 2, 0, NULL, '21:00:00', NULL, NULL, NULL),
(603, 7, 3, 0, NULL, '21:00:00', NULL, NULL, NULL),
(604, 7, 4, 0, NULL, '21:00:00', NULL, NULL, NULL),
(605, 7, 5, 0, NULL, '21:00:00', NULL, NULL, NULL),
(606, 7, 6, 0, NULL, '21:00:00', NULL, NULL, NULL),
(607, 7, 7, 0, NULL, '21:00:00', NULL, NULL, NULL),
(608, 7, 8, 0, NULL, '21:00:00', NULL, NULL, NULL),
(609, 7, 1, 0, NULL, '22:00:00', NULL, NULL, NULL),
(610, 7, 2, 0, NULL, '22:00:00', NULL, NULL, NULL),
(611, 7, 3, 0, NULL, '22:00:00', NULL, NULL, NULL),
(612, 7, 4, 0, NULL, '22:00:00', NULL, NULL, NULL),
(613, 7, 5, 0, NULL, '22:00:00', NULL, NULL, NULL),
(614, 7, 6, 0, NULL, '22:00:00', NULL, NULL, NULL),
(615, 7, 7, 0, NULL, '22:00:00', NULL, NULL, NULL),
(616, 7, 8, 0, NULL, '22:00:00', NULL, NULL, NULL),
(617, 8, 1, 0, NULL, '12:00:00', NULL, NULL, NULL),
(618, 8, 2, 0, NULL, '12:00:00', NULL, NULL, NULL),
(619, 8, 3, 0, NULL, '12:00:00', NULL, NULL, NULL),
(620, 8, 4, 0, NULL, '12:00:00', NULL, NULL, NULL),
(621, 8, 5, 0, NULL, '12:00:00', NULL, NULL, NULL),
(622, 8, 6, 0, NULL, '12:00:00', NULL, NULL, NULL),
(623, 8, 7, 0, NULL, '12:00:00', NULL, NULL, NULL),
(624, 8, 8, 0, NULL, '12:00:00', NULL, NULL, NULL),
(625, 8, 1, 0, NULL, '13:00:00', NULL, NULL, NULL),
(626, 8, 2, 0, NULL, '13:00:00', NULL, NULL, NULL),
(627, 8, 3, 0, NULL, '13:00:00', NULL, NULL, NULL),
(628, 8, 4, 0, NULL, '13:00:00', NULL, NULL, NULL),
(629, 8, 5, 0, NULL, '13:00:00', NULL, NULL, NULL),
(630, 8, 6, 0, NULL, '13:00:00', NULL, NULL, NULL),
(631, 8, 7, 0, NULL, '13:00:00', NULL, NULL, NULL),
(632, 8, 8, 0, NULL, '13:00:00', NULL, NULL, NULL),
(633, 8, 1, 0, NULL, '14:00:00', NULL, NULL, NULL),
(634, 8, 2, 0, NULL, '14:00:00', NULL, NULL, NULL),
(635, 8, 3, 0, NULL, '14:00:00', NULL, NULL, NULL),
(636, 8, 4, 0, NULL, '14:00:00', NULL, NULL, NULL),
(637, 8, 5, 0, NULL, '14:00:00', NULL, NULL, NULL),
(638, 8, 6, 0, NULL, '14:00:00', NULL, NULL, NULL),
(639, 8, 7, 0, NULL, '14:00:00', NULL, NULL, NULL),
(640, 8, 8, 0, NULL, '14:00:00', NULL, NULL, NULL),
(641, 8, 1, 0, NULL, '15:00:00', NULL, NULL, NULL),
(642, 8, 2, 0, NULL, '15:00:00', NULL, NULL, NULL),
(643, 8, 3, 0, NULL, '15:00:00', NULL, NULL, NULL),
(644, 8, 4, 0, NULL, '15:00:00', NULL, NULL, NULL),
(645, 8, 5, 0, NULL, '15:00:00', NULL, NULL, NULL),
(646, 8, 6, 0, NULL, '15:00:00', NULL, NULL, NULL),
(647, 8, 7, 0, NULL, '15:00:00', NULL, NULL, NULL),
(648, 8, 8, 0, NULL, '15:00:00', NULL, NULL, NULL),
(649, 8, 1, 0, NULL, '16:00:00', NULL, NULL, NULL),
(650, 8, 2, 0, NULL, '16:00:00', NULL, NULL, NULL),
(651, 8, 3, 0, NULL, '16:00:00', NULL, NULL, NULL),
(652, 8, 4, 0, NULL, '16:00:00', NULL, NULL, NULL),
(653, 8, 5, 0, NULL, '16:00:00', NULL, NULL, NULL),
(654, 8, 6, 0, NULL, '16:00:00', NULL, NULL, NULL),
(655, 8, 7, 0, NULL, '16:00:00', NULL, NULL, NULL),
(656, 8, 8, 0, NULL, '16:00:00', NULL, NULL, NULL),
(657, 8, 1, 0, NULL, '17:00:00', NULL, NULL, NULL),
(658, 8, 2, 0, NULL, '17:00:00', NULL, NULL, NULL),
(659, 8, 3, 0, NULL, '17:00:00', NULL, NULL, NULL),
(660, 8, 4, 0, NULL, '17:00:00', NULL, NULL, NULL),
(661, 8, 5, 0, NULL, '17:00:00', NULL, NULL, NULL),
(662, 8, 6, 0, NULL, '17:00:00', NULL, NULL, NULL),
(663, 8, 7, 0, NULL, '17:00:00', NULL, NULL, NULL),
(664, 8, 8, 0, NULL, '17:00:00', NULL, NULL, NULL),
(665, 8, 1, 0, NULL, '18:00:00', NULL, NULL, NULL),
(666, 8, 2, 0, NULL, '18:00:00', NULL, NULL, NULL),
(667, 8, 3, 0, NULL, '18:00:00', NULL, NULL, NULL),
(668, 8, 4, 0, NULL, '18:00:00', NULL, NULL, NULL),
(669, 8, 5, 0, NULL, '18:00:00', NULL, NULL, NULL),
(670, 8, 6, 0, NULL, '18:00:00', NULL, NULL, NULL),
(671, 8, 7, 0, NULL, '18:00:00', NULL, NULL, NULL),
(672, 8, 8, 0, NULL, '18:00:00', NULL, NULL, NULL),
(673, 8, 1, 0, NULL, '19:00:00', NULL, NULL, NULL),
(674, 8, 2, 0, NULL, '19:00:00', NULL, NULL, NULL),
(675, 8, 3, 0, NULL, '19:00:00', NULL, NULL, NULL),
(676, 8, 4, 0, NULL, '19:00:00', NULL, NULL, NULL),
(677, 8, 5, 0, NULL, '19:00:00', NULL, NULL, NULL),
(678, 8, 6, 0, NULL, '19:00:00', NULL, NULL, NULL),
(679, 8, 7, 0, NULL, '19:00:00', NULL, NULL, NULL),
(680, 8, 8, 0, NULL, '19:00:00', NULL, NULL, NULL),
(681, 8, 1, 0, NULL, '20:00:00', NULL, NULL, NULL),
(682, 8, 2, 0, NULL, '20:00:00', NULL, NULL, NULL),
(683, 8, 3, 0, NULL, '20:00:00', NULL, NULL, NULL),
(684, 8, 4, 0, NULL, '20:00:00', NULL, NULL, NULL),
(685, 8, 5, 0, NULL, '20:00:00', NULL, NULL, NULL),
(686, 8, 6, 0, NULL, '20:00:00', NULL, NULL, NULL),
(687, 8, 7, 0, NULL, '20:00:00', NULL, NULL, NULL),
(688, 8, 8, 0, NULL, '20:00:00', NULL, NULL, NULL),
(689, 8, 1, 0, NULL, '21:00:00', NULL, NULL, NULL),
(690, 8, 2, 0, NULL, '21:00:00', NULL, NULL, NULL),
(691, 8, 3, 0, NULL, '21:00:00', NULL, NULL, NULL),
(692, 8, 4, 0, NULL, '21:00:00', NULL, NULL, NULL),
(693, 8, 5, 0, NULL, '21:00:00', NULL, NULL, NULL),
(694, 8, 6, 0, NULL, '21:00:00', NULL, NULL, NULL),
(695, 8, 7, 0, NULL, '21:00:00', NULL, NULL, NULL),
(696, 8, 8, 0, NULL, '21:00:00', NULL, NULL, NULL),
(697, 8, 1, 0, NULL, '22:00:00', NULL, NULL, NULL),
(698, 8, 2, 0, NULL, '22:00:00', NULL, NULL, NULL),
(699, 8, 3, 0, NULL, '22:00:00', NULL, NULL, NULL),
(700, 8, 4, 0, NULL, '22:00:00', NULL, NULL, NULL),
(701, 8, 5, 0, NULL, '22:00:00', NULL, NULL, NULL),
(702, 8, 6, 0, NULL, '22:00:00', NULL, NULL, NULL),
(703, 8, 7, 0, NULL, '22:00:00', NULL, NULL, NULL),
(704, 8, 8, 0, NULL, '22:00:00', NULL, NULL, NULL),
(705, 9, 1, 0, NULL, '12:00:00', NULL, NULL, NULL),
(706, 9, 2, 0, NULL, '12:00:00', NULL, NULL, NULL),
(707, 9, 3, 0, NULL, '12:00:00', NULL, NULL, NULL),
(708, 9, 4, 0, NULL, '12:00:00', NULL, NULL, NULL),
(709, 9, 5, 0, NULL, '12:00:00', NULL, NULL, NULL),
(710, 9, 6, 0, NULL, '12:00:00', NULL, NULL, NULL),
(711, 9, 7, 0, NULL, '12:00:00', NULL, NULL, NULL),
(712, 9, 8, 0, NULL, '12:00:00', NULL, NULL, NULL),
(713, 9, 1, 0, NULL, '13:00:00', NULL, NULL, NULL),
(714, 9, 2, 0, NULL, '13:00:00', NULL, NULL, NULL),
(715, 9, 3, 0, NULL, '13:00:00', NULL, NULL, NULL),
(716, 9, 4, 0, NULL, '13:00:00', NULL, NULL, NULL),
(717, 9, 5, 0, NULL, '13:00:00', NULL, NULL, NULL),
(718, 9, 6, 0, NULL, '13:00:00', NULL, NULL, NULL),
(719, 9, 7, 0, NULL, '13:00:00', NULL, NULL, NULL),
(720, 9, 8, 0, NULL, '13:00:00', NULL, NULL, NULL),
(721, 9, 1, 0, NULL, '14:00:00', NULL, NULL, NULL),
(722, 9, 2, 0, NULL, '14:00:00', NULL, NULL, NULL),
(723, 9, 3, 0, NULL, '14:00:00', NULL, NULL, NULL),
(724, 9, 4, 0, NULL, '14:00:00', NULL, NULL, NULL),
(725, 9, 5, 0, NULL, '14:00:00', NULL, NULL, NULL),
(726, 9, 6, 0, NULL, '14:00:00', NULL, NULL, NULL),
(727, 9, 7, 0, NULL, '14:00:00', NULL, NULL, NULL),
(728, 9, 8, 0, NULL, '14:00:00', NULL, NULL, NULL),
(729, 9, 1, 0, NULL, '15:00:00', NULL, NULL, NULL),
(730, 9, 2, 0, NULL, '15:00:00', NULL, NULL, NULL),
(731, 9, 3, 0, NULL, '15:00:00', NULL, NULL, NULL),
(732, 9, 4, 0, NULL, '15:00:00', NULL, NULL, NULL),
(733, 9, 5, 0, NULL, '15:00:00', NULL, NULL, NULL),
(734, 9, 6, 0, NULL, '15:00:00', NULL, NULL, NULL),
(735, 9, 7, 0, NULL, '15:00:00', NULL, NULL, NULL),
(736, 9, 8, 0, NULL, '15:00:00', NULL, NULL, NULL),
(737, 9, 1, 0, NULL, '16:00:00', NULL, NULL, NULL),
(738, 9, 2, 0, NULL, '16:00:00', NULL, NULL, NULL),
(739, 9, 3, 0, NULL, '16:00:00', NULL, NULL, NULL),
(740, 9, 4, 0, NULL, '16:00:00', NULL, NULL, NULL),
(741, 9, 5, 0, NULL, '16:00:00', NULL, NULL, NULL),
(742, 9, 6, 0, NULL, '16:00:00', NULL, NULL, NULL),
(743, 9, 7, 0, NULL, '16:00:00', NULL, NULL, NULL),
(744, 9, 8, 0, NULL, '16:00:00', NULL, NULL, NULL),
(745, 9, 1, 0, NULL, '17:00:00', NULL, NULL, NULL),
(746, 9, 2, 0, NULL, '17:00:00', NULL, NULL, NULL),
(747, 9, 3, 0, NULL, '17:00:00', NULL, NULL, NULL),
(748, 9, 4, 0, NULL, '17:00:00', NULL, NULL, NULL),
(749, 9, 5, 0, NULL, '17:00:00', NULL, NULL, NULL),
(750, 9, 6, 0, NULL, '17:00:00', NULL, NULL, NULL),
(751, 9, 7, 0, NULL, '17:00:00', NULL, NULL, NULL),
(752, 9, 8, 0, NULL, '17:00:00', NULL, NULL, NULL),
(753, 9, 1, 0, NULL, '18:00:00', NULL, NULL, NULL),
(754, 9, 2, 0, NULL, '18:00:00', NULL, NULL, NULL),
(755, 9, 3, 0, NULL, '18:00:00', NULL, NULL, NULL),
(756, 9, 4, 0, NULL, '18:00:00', NULL, NULL, NULL),
(757, 9, 5, 0, NULL, '18:00:00', NULL, NULL, NULL),
(758, 9, 6, 0, NULL, '18:00:00', NULL, NULL, NULL),
(759, 9, 7, 0, NULL, '18:00:00', NULL, NULL, NULL),
(760, 9, 8, 0, NULL, '18:00:00', NULL, NULL, NULL),
(761, 9, 1, 0, NULL, '19:00:00', NULL, NULL, NULL),
(762, 9, 2, 0, NULL, '19:00:00', NULL, NULL, NULL),
(763, 9, 3, 0, NULL, '19:00:00', NULL, NULL, NULL),
(764, 9, 4, 0, NULL, '19:00:00', NULL, NULL, NULL),
(765, 9, 5, 0, NULL, '19:00:00', NULL, NULL, NULL),
(766, 9, 6, 0, NULL, '19:00:00', NULL, NULL, NULL),
(767, 9, 7, 0, NULL, '19:00:00', NULL, NULL, NULL),
(768, 9, 8, 0, NULL, '19:00:00', NULL, NULL, NULL),
(769, 9, 1, 0, NULL, '20:00:00', NULL, NULL, NULL),
(770, 9, 2, 0, NULL, '20:00:00', NULL, NULL, NULL),
(771, 9, 3, 0, NULL, '20:00:00', NULL, NULL, NULL),
(772, 9, 4, 0, NULL, '20:00:00', NULL, NULL, NULL),
(773, 9, 5, 0, NULL, '20:00:00', NULL, NULL, NULL),
(774, 9, 6, 0, NULL, '20:00:00', NULL, NULL, NULL),
(775, 9, 7, 0, NULL, '20:00:00', NULL, NULL, NULL),
(776, 9, 8, 0, NULL, '20:00:00', NULL, NULL, NULL),
(777, 9, 1, 0, NULL, '21:00:00', NULL, NULL, NULL),
(778, 9, 2, 0, NULL, '21:00:00', NULL, NULL, NULL),
(779, 9, 3, 0, NULL, '21:00:00', NULL, NULL, NULL),
(780, 9, 4, 0, NULL, '21:00:00', NULL, NULL, NULL),
(781, 9, 5, 0, NULL, '21:00:00', NULL, NULL, NULL),
(782, 9, 6, 0, NULL, '21:00:00', NULL, NULL, NULL),
(783, 9, 7, 0, NULL, '21:00:00', NULL, NULL, NULL),
(784, 9, 8, 0, NULL, '21:00:00', NULL, NULL, NULL),
(785, 9, 1, 0, NULL, '22:00:00', NULL, NULL, NULL),
(786, 9, 2, 0, NULL, '22:00:00', NULL, NULL, NULL),
(787, 9, 3, 0, NULL, '22:00:00', NULL, NULL, NULL),
(788, 9, 4, 0, NULL, '22:00:00', NULL, NULL, NULL),
(789, 9, 5, 0, NULL, '22:00:00', NULL, NULL, NULL),
(790, 9, 6, 0, NULL, '22:00:00', NULL, NULL, NULL),
(791, 9, 7, 0, NULL, '22:00:00', NULL, NULL, NULL),
(792, 9, 8, 0, NULL, '22:00:00', NULL, NULL, NULL),
(793, 10, 1, 0, NULL, '12:00:00', NULL, NULL, NULL),
(794, 10, 2, 0, NULL, '12:00:00', NULL, NULL, NULL),
(795, 10, 3, 0, NULL, '12:00:00', NULL, NULL, NULL),
(796, 10, 4, 0, NULL, '12:00:00', NULL, NULL, NULL),
(797, 10, 5, 0, NULL, '12:00:00', NULL, NULL, NULL),
(798, 10, 6, 0, NULL, '12:00:00', NULL, NULL, NULL),
(799, 10, 7, 0, NULL, '12:00:00', NULL, NULL, NULL),
(800, 10, 8, 0, NULL, '12:00:00', NULL, NULL, NULL),
(801, 10, 1, 0, NULL, '13:00:00', NULL, NULL, NULL),
(802, 10, 2, 0, NULL, '13:00:00', NULL, NULL, NULL),
(803, 10, 3, 0, NULL, '13:00:00', NULL, NULL, NULL),
(804, 10, 4, 0, NULL, '13:00:00', NULL, NULL, NULL),
(805, 10, 5, 0, NULL, '13:00:00', NULL, NULL, NULL),
(806, 10, 6, 0, NULL, '13:00:00', NULL, NULL, NULL),
(807, 10, 7, 0, NULL, '13:00:00', NULL, NULL, NULL),
(808, 10, 8, 0, NULL, '13:00:00', NULL, NULL, NULL),
(809, 10, 1, 0, NULL, '14:00:00', NULL, NULL, NULL),
(810, 10, 2, 0, NULL, '14:00:00', NULL, NULL, NULL),
(811, 10, 3, 0, NULL, '14:00:00', NULL, NULL, NULL),
(812, 10, 4, 0, NULL, '14:00:00', NULL, NULL, NULL),
(813, 10, 5, 0, NULL, '14:00:00', NULL, NULL, NULL),
(814, 10, 6, 0, NULL, '14:00:00', NULL, NULL, NULL),
(815, 10, 7, 0, NULL, '14:00:00', NULL, NULL, NULL),
(816, 10, 8, 0, NULL, '14:00:00', NULL, NULL, NULL),
(817, 10, 1, 0, NULL, '15:00:00', NULL, NULL, NULL),
(818, 10, 2, 0, NULL, '15:00:00', NULL, NULL, NULL),
(819, 10, 3, 0, NULL, '15:00:00', NULL, NULL, NULL),
(820, 10, 4, 0, NULL, '15:00:00', NULL, NULL, NULL),
(821, 10, 5, 0, NULL, '15:00:00', NULL, NULL, NULL),
(822, 10, 6, 0, NULL, '15:00:00', NULL, NULL, NULL),
(823, 10, 7, 0, NULL, '15:00:00', NULL, NULL, NULL),
(824, 10, 8, 0, NULL, '15:00:00', NULL, NULL, NULL),
(825, 10, 1, 0, NULL, '16:00:00', NULL, NULL, NULL),
(826, 10, 2, 0, NULL, '16:00:00', NULL, NULL, NULL),
(827, 10, 3, 0, NULL, '16:00:00', NULL, NULL, NULL),
(828, 10, 4, 0, NULL, '16:00:00', NULL, NULL, NULL),
(829, 10, 5, 0, NULL, '16:00:00', NULL, NULL, NULL),
(830, 10, 6, 0, NULL, '16:00:00', NULL, NULL, NULL),
(831, 10, 7, 0, NULL, '16:00:00', NULL, NULL, NULL),
(832, 10, 8, 0, NULL, '16:00:00', NULL, NULL, NULL),
(833, 10, 1, 0, NULL, '17:00:00', NULL, NULL, NULL),
(834, 10, 2, 0, NULL, '17:00:00', NULL, NULL, NULL),
(835, 10, 3, 0, NULL, '17:00:00', NULL, NULL, NULL),
(836, 10, 4, 0, NULL, '17:00:00', NULL, NULL, NULL),
(837, 10, 5, 0, NULL, '17:00:00', NULL, NULL, NULL),
(838, 10, 6, 0, NULL, '17:00:00', NULL, NULL, NULL),
(839, 10, 7, 0, NULL, '17:00:00', NULL, NULL, NULL),
(840, 10, 8, 0, NULL, '17:00:00', NULL, NULL, NULL),
(841, 10, 1, 0, NULL, '18:00:00', NULL, NULL, NULL),
(842, 10, 2, 0, NULL, '18:00:00', NULL, NULL, NULL),
(843, 10, 3, 0, NULL, '18:00:00', NULL, NULL, NULL),
(844, 10, 4, 0, NULL, '18:00:00', NULL, NULL, NULL),
(845, 10, 5, 0, NULL, '18:00:00', NULL, NULL, NULL),
(846, 10, 6, 0, NULL, '18:00:00', NULL, NULL, NULL),
(847, 10, 7, 0, NULL, '18:00:00', NULL, NULL, NULL),
(848, 10, 8, 0, NULL, '18:00:00', NULL, NULL, NULL),
(849, 10, 1, 0, NULL, '19:00:00', NULL, NULL, NULL),
(850, 10, 2, 0, NULL, '19:00:00', NULL, NULL, NULL),
(851, 10, 3, 0, NULL, '19:00:00', NULL, NULL, NULL),
(852, 10, 4, 0, NULL, '19:00:00', NULL, NULL, NULL),
(853, 10, 5, 0, NULL, '19:00:00', NULL, NULL, NULL),
(854, 10, 6, 0, NULL, '19:00:00', NULL, NULL, NULL),
(855, 10, 7, 0, NULL, '19:00:00', NULL, NULL, NULL),
(856, 10, 8, 0, NULL, '19:00:00', NULL, NULL, NULL),
(857, 10, 1, 0, NULL, '20:00:00', NULL, NULL, NULL),
(858, 10, 2, 0, NULL, '20:00:00', NULL, NULL, NULL),
(859, 10, 3, 0, NULL, '20:00:00', NULL, NULL, NULL),
(860, 10, 4, 0, NULL, '20:00:00', NULL, NULL, NULL),
(861, 10, 5, 0, NULL, '20:00:00', NULL, NULL, NULL),
(862, 10, 6, 0, NULL, '20:00:00', NULL, NULL, NULL),
(863, 10, 7, 0, NULL, '20:00:00', NULL, NULL, NULL),
(864, 10, 8, 0, NULL, '20:00:00', NULL, NULL, NULL),
(865, 10, 1, 0, NULL, '21:00:00', NULL, NULL, NULL),
(866, 10, 2, 0, NULL, '21:00:00', NULL, NULL, NULL),
(867, 10, 3, 0, NULL, '21:00:00', NULL, NULL, NULL),
(868, 10, 4, 0, NULL, '21:00:00', NULL, NULL, NULL),
(869, 10, 5, 0, NULL, '21:00:00', NULL, NULL, NULL),
(870, 10, 6, 0, NULL, '21:00:00', NULL, NULL, NULL),
(871, 10, 7, 0, NULL, '21:00:00', NULL, NULL, NULL),
(872, 10, 8, 0, NULL, '21:00:00', NULL, NULL, NULL),
(873, 10, 1, 0, NULL, '22:00:00', NULL, NULL, NULL),
(874, 10, 2, 0, NULL, '22:00:00', NULL, NULL, NULL),
(875, 10, 3, 0, NULL, '22:00:00', NULL, NULL, NULL),
(876, 10, 4, 0, NULL, '22:00:00', NULL, NULL, NULL),
(877, 10, 5, 0, NULL, '22:00:00', NULL, NULL, NULL),
(878, 10, 6, 0, NULL, '22:00:00', NULL, NULL, NULL),
(879, 10, 7, 0, NULL, '22:00:00', NULL, NULL, NULL),
(880, 10, 8, 0, NULL, '22:00:00', NULL, NULL, NULL),
(881, 11, 1, 0, NULL, '12:00:00', NULL, NULL, NULL),
(882, 11, 2, 0, NULL, '12:00:00', NULL, NULL, NULL),
(883, 11, 3, 0, NULL, '12:00:00', NULL, NULL, NULL),
(884, 11, 4, 0, NULL, '12:00:00', NULL, NULL, NULL),
(885, 11, 5, 0, NULL, '12:00:00', NULL, NULL, NULL),
(886, 11, 6, 0, NULL, '12:00:00', NULL, NULL, NULL),
(887, 11, 7, 0, NULL, '12:00:00', NULL, NULL, NULL),
(888, 11, 8, 0, NULL, '12:00:00', NULL, NULL, NULL),
(889, 11, 1, 0, NULL, '13:00:00', NULL, NULL, NULL),
(890, 11, 2, 0, NULL, '13:00:00', NULL, NULL, NULL),
(891, 11, 3, 0, NULL, '13:00:00', NULL, NULL, NULL),
(892, 11, 4, 0, NULL, '13:00:00', NULL, NULL, NULL),
(893, 11, 5, 0, NULL, '13:00:00', NULL, NULL, NULL),
(894, 11, 6, 0, NULL, '13:00:00', NULL, NULL, NULL),
(895, 11, 7, 0, NULL, '13:00:00', NULL, NULL, NULL),
(896, 11, 8, 0, NULL, '13:00:00', NULL, NULL, NULL),
(897, 11, 1, 0, NULL, '14:00:00', NULL, NULL, NULL),
(898, 11, 2, 0, NULL, '14:00:00', NULL, NULL, NULL),
(899, 11, 3, 0, NULL, '14:00:00', NULL, NULL, NULL),
(900, 11, 4, 0, NULL, '14:00:00', NULL, NULL, NULL),
(901, 11, 5, 0, NULL, '14:00:00', NULL, NULL, NULL),
(902, 11, 6, 0, NULL, '14:00:00', NULL, NULL, NULL),
(903, 11, 7, 0, NULL, '14:00:00', NULL, NULL, NULL),
(904, 11, 8, 0, NULL, '14:00:00', NULL, NULL, NULL),
(905, 11, 1, 0, NULL, '15:00:00', NULL, NULL, NULL),
(906, 11, 2, 0, NULL, '15:00:00', NULL, NULL, NULL),
(907, 11, 3, 0, NULL, '15:00:00', NULL, NULL, NULL),
(908, 11, 4, 0, NULL, '15:00:00', NULL, NULL, NULL),
(909, 11, 5, 0, NULL, '15:00:00', NULL, NULL, NULL),
(910, 11, 6, 0, NULL, '15:00:00', NULL, NULL, NULL),
(911, 11, 7, 0, NULL, '15:00:00', NULL, NULL, NULL),
(912, 11, 8, 0, NULL, '15:00:00', NULL, NULL, NULL),
(913, 11, 1, 0, NULL, '16:00:00', NULL, NULL, NULL),
(914, 11, 2, 0, NULL, '16:00:00', NULL, NULL, NULL),
(915, 11, 3, 0, NULL, '16:00:00', NULL, NULL, NULL),
(916, 11, 4, 0, NULL, '16:00:00', NULL, NULL, NULL),
(917, 11, 5, 0, NULL, '16:00:00', NULL, NULL, NULL),
(918, 11, 6, 0, NULL, '16:00:00', NULL, NULL, NULL),
(919, 11, 7, 0, NULL, '16:00:00', NULL, NULL, NULL),
(920, 11, 8, 0, NULL, '16:00:00', NULL, NULL, NULL),
(921, 11, 1, 0, NULL, '17:00:00', NULL, NULL, NULL),
(922, 11, 2, 0, NULL, '17:00:00', NULL, NULL, NULL),
(923, 11, 3, 0, NULL, '17:00:00', NULL, NULL, NULL),
(924, 11, 4, 0, NULL, '17:00:00', NULL, NULL, NULL),
(925, 11, 5, 0, NULL, '17:00:00', NULL, NULL, NULL),
(926, 11, 6, 0, NULL, '17:00:00', NULL, NULL, NULL),
(927, 11, 7, 0, NULL, '17:00:00', NULL, NULL, NULL),
(928, 11, 8, 0, NULL, '17:00:00', NULL, NULL, NULL),
(929, 11, 1, 0, NULL, '18:00:00', NULL, NULL, NULL),
(930, 11, 2, 0, NULL, '18:00:00', NULL, NULL, NULL),
(931, 11, 3, 0, NULL, '18:00:00', NULL, NULL, NULL),
(932, 11, 4, 0, NULL, '18:00:00', NULL, NULL, NULL),
(933, 11, 5, 0, NULL, '18:00:00', NULL, NULL, NULL),
(934, 11, 6, 0, NULL, '18:00:00', NULL, NULL, NULL),
(935, 11, 7, 0, NULL, '18:00:00', NULL, NULL, NULL),
(936, 11, 8, 0, NULL, '18:00:00', NULL, NULL, NULL),
(937, 11, 1, 0, NULL, '19:00:00', NULL, NULL, NULL),
(938, 11, 2, 0, NULL, '19:00:00', NULL, NULL, NULL),
(939, 11, 3, 0, NULL, '19:00:00', NULL, NULL, NULL),
(940, 11, 4, 0, NULL, '19:00:00', NULL, NULL, NULL),
(941, 11, 5, 0, NULL, '19:00:00', NULL, NULL, NULL),
(942, 11, 6, 0, NULL, '19:00:00', NULL, NULL, NULL),
(943, 11, 7, 0, NULL, '19:00:00', NULL, NULL, NULL),
(944, 11, 8, 0, NULL, '19:00:00', NULL, NULL, NULL),
(945, 11, 1, 0, NULL, '20:00:00', NULL, NULL, NULL),
(946, 11, 2, 0, NULL, '20:00:00', NULL, NULL, NULL),
(947, 11, 3, 0, NULL, '20:00:00', NULL, NULL, NULL),
(948, 11, 4, 0, NULL, '20:00:00', NULL, NULL, NULL),
(949, 11, 5, 0, NULL, '20:00:00', NULL, NULL, NULL),
(950, 11, 6, 0, NULL, '20:00:00', NULL, NULL, NULL),
(951, 11, 7, 0, NULL, '20:00:00', NULL, NULL, NULL),
(952, 11, 8, 0, NULL, '20:00:00', NULL, NULL, NULL),
(953, 11, 1, 0, NULL, '21:00:00', NULL, NULL, NULL),
(954, 11, 2, 0, NULL, '21:00:00', NULL, NULL, NULL),
(955, 11, 3, 0, NULL, '21:00:00', NULL, NULL, NULL),
(956, 11, 4, 0, NULL, '21:00:00', NULL, NULL, NULL),
(957, 11, 5, 0, NULL, '21:00:00', NULL, NULL, NULL),
(958, 11, 6, 0, NULL, '21:00:00', NULL, NULL, NULL),
(959, 11, 7, 0, NULL, '21:00:00', NULL, NULL, NULL),
(960, 11, 8, 0, NULL, '21:00:00', NULL, NULL, NULL),
(961, 11, 1, 0, NULL, '22:00:00', NULL, NULL, NULL),
(962, 11, 2, 0, NULL, '22:00:00', NULL, NULL, NULL),
(963, 11, 3, 0, NULL, '22:00:00', NULL, NULL, NULL),
(964, 11, 4, 0, NULL, '22:00:00', NULL, NULL, NULL),
(965, 11, 5, 0, NULL, '22:00:00', NULL, NULL, NULL),
(966, 11, 6, 0, NULL, '22:00:00', NULL, NULL, NULL),
(967, 11, 7, 0, NULL, '22:00:00', NULL, NULL, NULL),
(968, 11, 8, 0, NULL, '22:00:00', NULL, NULL, NULL),
(969, 12, 1, 0, NULL, '12:00:00', NULL, NULL, NULL),
(970, 12, 2, 0, NULL, '12:00:00', NULL, NULL, NULL),
(971, 12, 3, 0, NULL, '12:00:00', NULL, NULL, NULL),
(972, 12, 4, 0, NULL, '12:00:00', NULL, NULL, NULL),
(973, 12, 5, 0, NULL, '12:00:00', NULL, NULL, NULL),
(974, 12, 6, 0, NULL, '12:00:00', NULL, NULL, NULL),
(975, 12, 7, 0, NULL, '12:00:00', NULL, NULL, NULL),
(976, 12, 8, 0, NULL, '12:00:00', NULL, NULL, NULL),
(977, 12, 1, 0, NULL, '13:00:00', NULL, NULL, NULL),
(978, 12, 2, 0, NULL, '13:00:00', NULL, NULL, NULL),
(979, 12, 3, 0, NULL, '13:00:00', NULL, NULL, NULL),
(980, 12, 4, 0, NULL, '13:00:00', NULL, NULL, NULL),
(981, 12, 5, 0, NULL, '13:00:00', NULL, NULL, NULL),
(982, 12, 6, 0, NULL, '13:00:00', NULL, NULL, NULL),
(983, 12, 7, 0, NULL, '13:00:00', NULL, NULL, NULL),
(984, 12, 8, 0, NULL, '13:00:00', NULL, NULL, NULL),
(985, 12, 1, 0, NULL, '14:00:00', NULL, NULL, NULL),
(986, 12, 2, 0, NULL, '14:00:00', NULL, NULL, NULL),
(987, 12, 3, 0, NULL, '14:00:00', NULL, NULL, NULL),
(988, 12, 4, 0, NULL, '14:00:00', NULL, NULL, NULL),
(989, 12, 5, 0, NULL, '14:00:00', NULL, NULL, NULL),
(990, 12, 6, 0, NULL, '14:00:00', NULL, NULL, NULL),
(991, 12, 7, 0, NULL, '14:00:00', NULL, NULL, NULL),
(992, 12, 8, 0, NULL, '14:00:00', NULL, NULL, NULL),
(993, 12, 1, 0, NULL, '15:00:00', NULL, NULL, NULL);
INSERT INTO `restaurant_seats` (`id`, `restaurant_id`, `seat_number`, `is_occupied`, `reservation_date`, `time_slot`, `nazwisko`, `email`, `phone`) VALUES
(994, 12, 2, 0, NULL, '15:00:00', NULL, NULL, NULL),
(995, 12, 3, 0, NULL, '15:00:00', NULL, NULL, NULL),
(996, 12, 4, 0, NULL, '15:00:00', NULL, NULL, NULL),
(997, 12, 5, 0, NULL, '15:00:00', NULL, NULL, NULL),
(998, 12, 6, 0, NULL, '15:00:00', NULL, NULL, NULL),
(999, 12, 7, 0, NULL, '15:00:00', NULL, NULL, NULL),
(1000, 12, 8, 0, NULL, '15:00:00', NULL, NULL, NULL),
(1001, 12, 1, 0, NULL, '16:00:00', NULL, NULL, NULL),
(1002, 12, 2, 0, NULL, '16:00:00', NULL, NULL, NULL),
(1003, 12, 3, 0, NULL, '16:00:00', NULL, NULL, NULL),
(1004, 12, 4, 0, NULL, '16:00:00', NULL, NULL, NULL),
(1005, 12, 5, 0, NULL, '16:00:00', NULL, NULL, NULL),
(1006, 12, 6, 0, NULL, '16:00:00', NULL, NULL, NULL),
(1007, 12, 7, 0, NULL, '16:00:00', NULL, NULL, NULL),
(1008, 12, 8, 0, NULL, '16:00:00', NULL, NULL, NULL),
(1009, 12, 1, 0, NULL, '17:00:00', NULL, NULL, NULL),
(1010, 12, 2, 0, NULL, '17:00:00', NULL, NULL, NULL),
(1011, 12, 3, 0, NULL, '17:00:00', NULL, NULL, NULL),
(1012, 12, 4, 0, NULL, '17:00:00', NULL, NULL, NULL),
(1013, 12, 5, 0, NULL, '17:00:00', NULL, NULL, NULL),
(1014, 12, 6, 0, NULL, '17:00:00', NULL, NULL, NULL),
(1015, 12, 7, 0, NULL, '17:00:00', NULL, NULL, NULL),
(1016, 12, 8, 0, NULL, '17:00:00', NULL, NULL, NULL),
(1017, 12, 1, 0, NULL, '18:00:00', NULL, NULL, NULL),
(1018, 12, 2, 0, NULL, '18:00:00', NULL, NULL, NULL),
(1019, 12, 3, 0, NULL, '18:00:00', NULL, NULL, NULL),
(1020, 12, 4, 0, NULL, '18:00:00', NULL, NULL, NULL),
(1021, 12, 5, 0, NULL, '18:00:00', NULL, NULL, NULL),
(1022, 12, 6, 0, NULL, '18:00:00', NULL, NULL, NULL),
(1023, 12, 7, 0, NULL, '18:00:00', NULL, NULL, NULL),
(1024, 12, 8, 0, NULL, '18:00:00', NULL, NULL, NULL),
(1025, 12, 1, 0, NULL, '19:00:00', NULL, NULL, NULL),
(1026, 12, 2, 0, NULL, '19:00:00', NULL, NULL, NULL),
(1027, 12, 3, 0, NULL, '19:00:00', NULL, NULL, NULL),
(1028, 12, 4, 0, NULL, '19:00:00', NULL, NULL, NULL),
(1029, 12, 5, 0, NULL, '19:00:00', NULL, NULL, NULL),
(1030, 12, 6, 0, NULL, '19:00:00', NULL, NULL, NULL),
(1031, 12, 7, 0, NULL, '19:00:00', NULL, NULL, NULL),
(1032, 12, 8, 0, NULL, '19:00:00', NULL, NULL, NULL),
(1033, 12, 1, 0, NULL, '20:00:00', NULL, NULL, NULL),
(1034, 12, 2, 0, NULL, '20:00:00', NULL, NULL, NULL),
(1035, 12, 3, 0, NULL, '20:00:00', NULL, NULL, NULL),
(1036, 12, 4, 0, NULL, '20:00:00', NULL, NULL, NULL),
(1037, 12, 5, 0, NULL, '20:00:00', NULL, NULL, NULL),
(1038, 12, 6, 0, NULL, '20:00:00', NULL, NULL, NULL),
(1039, 12, 7, 0, NULL, '20:00:00', NULL, NULL, NULL),
(1040, 12, 8, 0, NULL, '20:00:00', NULL, NULL, NULL),
(1041, 12, 1, 0, NULL, '21:00:00', NULL, NULL, NULL),
(1042, 12, 2, 0, NULL, '21:00:00', NULL, NULL, NULL),
(1043, 12, 3, 0, NULL, '21:00:00', NULL, NULL, NULL),
(1044, 12, 4, 0, NULL, '21:00:00', NULL, NULL, NULL),
(1045, 12, 5, 0, NULL, '21:00:00', NULL, NULL, NULL),
(1046, 12, 6, 0, NULL, '21:00:00', NULL, NULL, NULL),
(1047, 12, 7, 0, NULL, '21:00:00', NULL, NULL, NULL),
(1048, 12, 8, 0, NULL, '21:00:00', NULL, NULL, NULL),
(1049, 12, 1, 0, NULL, '22:00:00', NULL, NULL, NULL),
(1050, 12, 2, 0, NULL, '22:00:00', NULL, NULL, NULL),
(1051, 12, 3, 0, NULL, '22:00:00', NULL, NULL, NULL),
(1052, 12, 4, 0, NULL, '22:00:00', NULL, NULL, NULL),
(1053, 12, 5, 0, NULL, '22:00:00', NULL, NULL, NULL),
(1054, 12, 6, 0, NULL, '22:00:00', NULL, NULL, NULL),
(1055, 12, 7, 0, NULL, '22:00:00', NULL, NULL, NULL),
(1056, 12, 8, 0, NULL, '22:00:00', NULL, NULL, NULL),
(1057, 13, 1, 1, NULL, '12:00:00', 'Ja', 'cody.urlik@gmail.com', '123456789'),
(1058, 13, 2, 0, NULL, '12:00:00', NULL, NULL, NULL),
(1059, 13, 3, 1, NULL, '12:00:00', 'Ja', 'cody.urlik@gmail.com', '123456789'),
(1060, 13, 4, 0, NULL, '12:00:00', NULL, NULL, NULL),
(1061, 13, 5, 0, NULL, '12:00:00', NULL, NULL, NULL),
(1062, 13, 6, 0, NULL, '12:00:00', NULL, NULL, NULL),
(1063, 13, 7, 0, NULL, '12:00:00', NULL, NULL, NULL),
(1064, 13, 8, 0, NULL, '12:00:00', NULL, NULL, NULL),
(1065, 13, 1, 0, NULL, '13:00:00', NULL, NULL, NULL),
(1066, 13, 2, 0, NULL, '13:00:00', NULL, NULL, NULL),
(1067, 13, 3, 0, NULL, '13:00:00', NULL, NULL, NULL),
(1068, 13, 4, 0, NULL, '13:00:00', NULL, NULL, NULL),
(1069, 13, 5, 0, NULL, '13:00:00', NULL, NULL, NULL),
(1070, 13, 6, 0, NULL, '13:00:00', NULL, NULL, NULL),
(1071, 13, 7, 0, NULL, '13:00:00', NULL, NULL, NULL),
(1072, 13, 8, 0, NULL, '13:00:00', NULL, NULL, NULL),
(1073, 13, 1, 0, NULL, '14:00:00', NULL, NULL, NULL),
(1074, 13, 2, 0, NULL, '14:00:00', NULL, NULL, NULL),
(1075, 13, 3, 0, NULL, '14:00:00', NULL, NULL, NULL),
(1076, 13, 4, 0, NULL, '14:00:00', NULL, NULL, NULL),
(1077, 13, 5, 0, NULL, '14:00:00', NULL, NULL, NULL),
(1078, 13, 6, 0, NULL, '14:00:00', NULL, NULL, NULL),
(1079, 13, 7, 0, NULL, '14:00:00', NULL, NULL, NULL),
(1080, 13, 8, 0, NULL, '14:00:00', NULL, NULL, NULL),
(1081, 13, 1, 0, NULL, '15:00:00', NULL, NULL, NULL),
(1082, 13, 2, 0, NULL, '15:00:00', NULL, NULL, NULL),
(1083, 13, 3, 0, NULL, '15:00:00', NULL, NULL, NULL),
(1084, 13, 4, 0, NULL, '15:00:00', NULL, NULL, NULL),
(1085, 13, 5, 0, NULL, '15:00:00', NULL, NULL, NULL),
(1086, 13, 6, 0, NULL, '15:00:00', NULL, NULL, NULL),
(1087, 13, 7, 0, NULL, '15:00:00', NULL, NULL, NULL),
(1088, 13, 8, 0, NULL, '15:00:00', NULL, NULL, NULL),
(1089, 13, 1, 0, NULL, '16:00:00', NULL, NULL, NULL),
(1090, 13, 2, 0, NULL, '16:00:00', NULL, NULL, NULL),
(1091, 13, 3, 0, NULL, '16:00:00', NULL, NULL, NULL),
(1092, 13, 4, 0, NULL, '16:00:00', NULL, NULL, NULL),
(1093, 13, 5, 0, NULL, '16:00:00', NULL, NULL, NULL),
(1094, 13, 6, 0, NULL, '16:00:00', NULL, NULL, NULL),
(1095, 13, 7, 0, NULL, '16:00:00', NULL, NULL, NULL),
(1096, 13, 8, 0, NULL, '16:00:00', NULL, NULL, NULL),
(1097, 13, 1, 0, NULL, '17:00:00', NULL, NULL, NULL),
(1098, 13, 2, 0, NULL, '17:00:00', NULL, NULL, NULL),
(1099, 13, 3, 0, NULL, '17:00:00', NULL, NULL, NULL),
(1100, 13, 4, 0, NULL, '17:00:00', NULL, NULL, NULL),
(1101, 13, 5, 0, NULL, '17:00:00', NULL, NULL, NULL),
(1102, 13, 6, 0, NULL, '17:00:00', NULL, NULL, NULL),
(1103, 13, 7, 0, NULL, '17:00:00', NULL, NULL, NULL),
(1104, 13, 8, 0, NULL, '17:00:00', NULL, NULL, NULL),
(1105, 13, 1, 0, NULL, '18:00:00', NULL, NULL, NULL),
(1106, 13, 2, 0, NULL, '18:00:00', NULL, NULL, NULL),
(1107, 13, 3, 0, NULL, '18:00:00', NULL, NULL, NULL),
(1108, 13, 4, 0, NULL, '18:00:00', NULL, NULL, NULL),
(1109, 13, 5, 0, NULL, '18:00:00', NULL, NULL, NULL),
(1110, 13, 6, 0, NULL, '18:00:00', NULL, NULL, NULL),
(1111, 13, 7, 0, NULL, '18:00:00', NULL, NULL, NULL),
(1112, 13, 8, 0, NULL, '18:00:00', NULL, NULL, NULL),
(1113, 13, 1, 0, NULL, '19:00:00', NULL, NULL, NULL),
(1114, 13, 2, 0, NULL, '19:00:00', NULL, NULL, NULL),
(1115, 13, 3, 0, NULL, '19:00:00', NULL, NULL, NULL),
(1116, 13, 4, 0, NULL, '19:00:00', NULL, NULL, NULL),
(1117, 13, 5, 0, NULL, '19:00:00', NULL, NULL, NULL),
(1118, 13, 6, 0, NULL, '19:00:00', NULL, NULL, NULL),
(1119, 13, 7, 0, NULL, '19:00:00', NULL, NULL, NULL),
(1120, 13, 8, 0, NULL, '19:00:00', NULL, NULL, NULL),
(1121, 13, 1, 0, NULL, '20:00:00', NULL, NULL, NULL),
(1122, 13, 2, 0, NULL, '20:00:00', NULL, NULL, NULL),
(1123, 13, 3, 0, NULL, '20:00:00', NULL, NULL, NULL),
(1124, 13, 4, 0, NULL, '20:00:00', NULL, NULL, NULL),
(1125, 13, 5, 0, NULL, '20:00:00', NULL, NULL, NULL),
(1126, 13, 6, 0, NULL, '20:00:00', NULL, NULL, NULL),
(1127, 13, 7, 0, NULL, '20:00:00', NULL, NULL, NULL),
(1128, 13, 8, 0, NULL, '20:00:00', NULL, NULL, NULL),
(1129, 13, 1, 0, NULL, '21:00:00', NULL, NULL, NULL),
(1130, 13, 2, 0, NULL, '21:00:00', NULL, NULL, NULL),
(1131, 13, 3, 0, NULL, '21:00:00', NULL, NULL, NULL),
(1132, 13, 4, 0, NULL, '21:00:00', NULL, NULL, NULL),
(1133, 13, 5, 0, NULL, '21:00:00', NULL, NULL, NULL),
(1134, 13, 6, 0, NULL, '21:00:00', NULL, NULL, NULL),
(1135, 13, 7, 0, NULL, '21:00:00', NULL, NULL, NULL),
(1136, 13, 8, 0, NULL, '21:00:00', NULL, NULL, NULL),
(1137, 13, 1, 0, NULL, '22:00:00', NULL, NULL, NULL),
(1138, 13, 2, 0, NULL, '22:00:00', NULL, NULL, NULL),
(1139, 13, 3, 0, NULL, '22:00:00', NULL, NULL, NULL),
(1140, 13, 4, 0, NULL, '22:00:00', NULL, NULL, NULL),
(1141, 13, 5, 0, NULL, '22:00:00', NULL, NULL, NULL),
(1142, 13, 6, 0, NULL, '22:00:00', NULL, NULL, NULL),
(1143, 13, 7, 0, NULL, '22:00:00', NULL, NULL, NULL),
(1144, 13, 8, 0, NULL, '22:00:00', NULL, NULL, NULL),
(1145, 14, 1, 0, NULL, '12:00:00', NULL, NULL, NULL),
(1146, 14, 2, 0, NULL, '12:00:00', NULL, NULL, NULL),
(1147, 14, 3, 0, NULL, '12:00:00', NULL, NULL, NULL),
(1148, 14, 4, 0, NULL, '12:00:00', NULL, NULL, NULL),
(1149, 14, 5, 0, NULL, '12:00:00', NULL, NULL, NULL),
(1150, 14, 6, 0, NULL, '12:00:00', NULL, NULL, NULL),
(1151, 14, 7, 0, NULL, '12:00:00', NULL, NULL, NULL),
(1152, 14, 8, 0, NULL, '12:00:00', NULL, NULL, NULL),
(1153, 14, 1, 0, NULL, '13:00:00', NULL, NULL, NULL),
(1154, 14, 2, 0, NULL, '13:00:00', NULL, NULL, NULL),
(1155, 14, 3, 0, NULL, '13:00:00', NULL, NULL, NULL),
(1156, 14, 4, 0, NULL, '13:00:00', NULL, NULL, NULL),
(1157, 14, 5, 0, NULL, '13:00:00', NULL, NULL, NULL),
(1158, 14, 6, 0, NULL, '13:00:00', NULL, NULL, NULL),
(1159, 14, 7, 0, NULL, '13:00:00', NULL, NULL, NULL),
(1160, 14, 8, 0, NULL, '13:00:00', NULL, NULL, NULL),
(1161, 14, 1, 0, NULL, '14:00:00', NULL, NULL, NULL),
(1162, 14, 2, 0, NULL, '14:00:00', NULL, NULL, NULL),
(1163, 14, 3, 0, NULL, '14:00:00', NULL, NULL, NULL),
(1164, 14, 4, 0, NULL, '14:00:00', NULL, NULL, NULL),
(1165, 14, 5, 0, NULL, '14:00:00', NULL, NULL, NULL),
(1166, 14, 6, 0, NULL, '14:00:00', NULL, NULL, NULL),
(1167, 14, 7, 0, NULL, '14:00:00', NULL, NULL, NULL),
(1168, 14, 8, 0, NULL, '14:00:00', NULL, NULL, NULL),
(1169, 14, 1, 0, NULL, '15:00:00', NULL, NULL, NULL),
(1170, 14, 2, 0, NULL, '15:00:00', NULL, NULL, NULL),
(1171, 14, 3, 0, NULL, '15:00:00', NULL, NULL, NULL),
(1172, 14, 4, 0, NULL, '15:00:00', NULL, NULL, NULL),
(1173, 14, 5, 0, NULL, '15:00:00', NULL, NULL, NULL),
(1174, 14, 6, 0, NULL, '15:00:00', NULL, NULL, NULL),
(1175, 14, 7, 0, NULL, '15:00:00', NULL, NULL, NULL),
(1176, 14, 8, 0, NULL, '15:00:00', NULL, NULL, NULL),
(1177, 14, 1, 0, NULL, '16:00:00', NULL, NULL, NULL),
(1178, 14, 2, 0, NULL, '16:00:00', NULL, NULL, NULL),
(1179, 14, 3, 0, NULL, '16:00:00', NULL, NULL, NULL),
(1180, 14, 4, 0, NULL, '16:00:00', NULL, NULL, NULL),
(1181, 14, 5, 0, NULL, '16:00:00', NULL, NULL, NULL),
(1182, 14, 6, 0, NULL, '16:00:00', NULL, NULL, NULL),
(1183, 14, 7, 0, NULL, '16:00:00', NULL, NULL, NULL),
(1184, 14, 8, 0, NULL, '16:00:00', NULL, NULL, NULL),
(1185, 14, 1, 0, NULL, '17:00:00', NULL, NULL, NULL),
(1186, 14, 2, 0, NULL, '17:00:00', NULL, NULL, NULL),
(1187, 14, 3, 0, NULL, '17:00:00', NULL, NULL, NULL),
(1188, 14, 4, 0, NULL, '17:00:00', NULL, NULL, NULL),
(1189, 14, 5, 0, NULL, '17:00:00', NULL, NULL, NULL),
(1190, 14, 6, 0, NULL, '17:00:00', NULL, NULL, NULL),
(1191, 14, 7, 0, NULL, '17:00:00', NULL, NULL, NULL),
(1192, 14, 8, 0, NULL, '17:00:00', NULL, NULL, NULL),
(1193, 14, 1, 0, NULL, '18:00:00', NULL, NULL, NULL),
(1194, 14, 2, 0, NULL, '18:00:00', NULL, NULL, NULL),
(1195, 14, 3, 0, NULL, '18:00:00', NULL, NULL, NULL),
(1196, 14, 4, 0, NULL, '18:00:00', NULL, NULL, NULL),
(1197, 14, 5, 0, NULL, '18:00:00', NULL, NULL, NULL),
(1198, 14, 6, 0, NULL, '18:00:00', NULL, NULL, NULL),
(1199, 14, 7, 0, NULL, '18:00:00', NULL, NULL, NULL),
(1200, 14, 8, 0, NULL, '18:00:00', NULL, NULL, NULL),
(1201, 14, 1, 0, NULL, '19:00:00', NULL, NULL, NULL),
(1202, 14, 2, 0, NULL, '19:00:00', NULL, NULL, NULL),
(1203, 14, 3, 0, NULL, '19:00:00', NULL, NULL, NULL),
(1204, 14, 4, 0, NULL, '19:00:00', NULL, NULL, NULL),
(1205, 14, 5, 0, NULL, '19:00:00', NULL, NULL, NULL),
(1206, 14, 6, 0, NULL, '19:00:00', NULL, NULL, NULL),
(1207, 14, 7, 0, NULL, '19:00:00', NULL, NULL, NULL),
(1208, 14, 8, 0, NULL, '19:00:00', NULL, NULL, NULL),
(1209, 14, 1, 0, NULL, '20:00:00', NULL, NULL, NULL),
(1210, 14, 2, 0, NULL, '20:00:00', NULL, NULL, NULL),
(1211, 14, 3, 0, NULL, '20:00:00', NULL, NULL, NULL),
(1212, 14, 4, 0, NULL, '20:00:00', NULL, NULL, NULL),
(1213, 14, 5, 0, NULL, '20:00:00', NULL, NULL, NULL),
(1214, 14, 6, 0, NULL, '20:00:00', NULL, NULL, NULL),
(1215, 14, 7, 0, NULL, '20:00:00', NULL, NULL, NULL),
(1216, 14, 8, 0, NULL, '20:00:00', NULL, NULL, NULL),
(1217, 14, 1, 0, NULL, '21:00:00', NULL, NULL, NULL),
(1218, 14, 2, 0, NULL, '21:00:00', NULL, NULL, NULL),
(1219, 14, 3, 0, NULL, '21:00:00', NULL, NULL, NULL),
(1220, 14, 4, 0, NULL, '21:00:00', NULL, NULL, NULL),
(1221, 14, 5, 0, NULL, '21:00:00', NULL, NULL, NULL),
(1222, 14, 6, 0, NULL, '21:00:00', NULL, NULL, NULL),
(1223, 14, 7, 0, NULL, '21:00:00', NULL, NULL, NULL),
(1224, 14, 8, 0, NULL, '21:00:00', NULL, NULL, NULL),
(1225, 14, 1, 0, NULL, '22:00:00', NULL, NULL, NULL),
(1226, 14, 2, 0, NULL, '22:00:00', NULL, NULL, NULL),
(1227, 14, 3, 0, NULL, '22:00:00', NULL, NULL, NULL),
(1228, 14, 4, 0, NULL, '22:00:00', NULL, NULL, NULL),
(1229, 14, 5, 0, NULL, '22:00:00', NULL, NULL, NULL),
(1230, 14, 6, 0, NULL, '22:00:00', NULL, NULL, NULL),
(1231, 14, 7, 0, NULL, '22:00:00', NULL, NULL, NULL),
(1232, 14, 8, 0, NULL, '22:00:00', NULL, NULL, NULL),
(1233, 15, 1, 0, NULL, '12:00:00', NULL, NULL, NULL),
(1234, 15, 2, 0, NULL, '12:00:00', NULL, NULL, NULL),
(1235, 15, 3, 0, NULL, '12:00:00', NULL, NULL, NULL),
(1236, 15, 4, 0, NULL, '12:00:00', NULL, NULL, NULL),
(1237, 15, 5, 0, NULL, '12:00:00', NULL, NULL, NULL),
(1238, 15, 6, 0, NULL, '12:00:00', NULL, NULL, NULL),
(1239, 15, 7, 0, NULL, '12:00:00', NULL, NULL, NULL),
(1240, 15, 8, 0, NULL, '12:00:00', NULL, NULL, NULL),
(1241, 15, 1, 0, NULL, '13:00:00', NULL, NULL, NULL),
(1242, 15, 2, 0, NULL, '13:00:00', NULL, NULL, NULL),
(1243, 15, 3, 0, NULL, '13:00:00', NULL, NULL, NULL),
(1244, 15, 4, 0, NULL, '13:00:00', NULL, NULL, NULL),
(1245, 15, 5, 0, NULL, '13:00:00', NULL, NULL, NULL),
(1246, 15, 6, 0, NULL, '13:00:00', NULL, NULL, NULL),
(1247, 15, 7, 0, NULL, '13:00:00', NULL, NULL, NULL),
(1248, 15, 8, 0, NULL, '13:00:00', NULL, NULL, NULL),
(1249, 15, 1, 0, NULL, '14:00:00', NULL, NULL, NULL),
(1250, 15, 2, 0, NULL, '14:00:00', NULL, NULL, NULL),
(1251, 15, 3, 0, NULL, '14:00:00', NULL, NULL, NULL),
(1252, 15, 4, 0, NULL, '14:00:00', NULL, NULL, NULL),
(1253, 15, 5, 0, NULL, '14:00:00', NULL, NULL, NULL),
(1254, 15, 6, 0, NULL, '14:00:00', NULL, NULL, NULL),
(1255, 15, 7, 0, NULL, '14:00:00', NULL, NULL, NULL),
(1256, 15, 8, 0, NULL, '14:00:00', NULL, NULL, NULL),
(1257, 15, 1, 0, NULL, '15:00:00', NULL, NULL, NULL),
(1258, 15, 2, 0, NULL, '15:00:00', NULL, NULL, NULL),
(1259, 15, 3, 0, NULL, '15:00:00', NULL, NULL, NULL),
(1260, 15, 4, 0, NULL, '15:00:00', NULL, NULL, NULL),
(1261, 15, 5, 0, NULL, '15:00:00', NULL, NULL, NULL),
(1262, 15, 6, 0, NULL, '15:00:00', NULL, NULL, NULL),
(1263, 15, 7, 0, NULL, '15:00:00', NULL, NULL, NULL),
(1264, 15, 8, 0, NULL, '15:00:00', NULL, NULL, NULL),
(1265, 15, 1, 0, NULL, '16:00:00', NULL, NULL, NULL),
(1266, 15, 2, 0, NULL, '16:00:00', NULL, NULL, NULL),
(1267, 15, 3, 0, NULL, '16:00:00', NULL, NULL, NULL),
(1268, 15, 4, 0, NULL, '16:00:00', NULL, NULL, NULL),
(1269, 15, 5, 0, NULL, '16:00:00', NULL, NULL, NULL),
(1270, 15, 6, 0, NULL, '16:00:00', NULL, NULL, NULL),
(1271, 15, 7, 0, NULL, '16:00:00', NULL, NULL, NULL),
(1272, 15, 8, 0, NULL, '16:00:00', NULL, NULL, NULL),
(1273, 15, 1, 0, NULL, '17:00:00', NULL, NULL, NULL),
(1274, 15, 2, 0, NULL, '17:00:00', NULL, NULL, NULL),
(1275, 15, 3, 0, NULL, '17:00:00', NULL, NULL, NULL),
(1276, 15, 4, 0, NULL, '17:00:00', NULL, NULL, NULL),
(1277, 15, 5, 0, NULL, '17:00:00', NULL, NULL, NULL),
(1278, 15, 6, 0, NULL, '17:00:00', NULL, NULL, NULL),
(1279, 15, 7, 0, NULL, '17:00:00', NULL, NULL, NULL),
(1280, 15, 8, 0, NULL, '17:00:00', NULL, NULL, NULL),
(1281, 15, 1, 0, NULL, '18:00:00', NULL, NULL, NULL),
(1282, 15, 2, 0, NULL, '18:00:00', NULL, NULL, NULL),
(1283, 15, 3, 0, NULL, '18:00:00', NULL, NULL, NULL),
(1284, 15, 4, 0, NULL, '18:00:00', NULL, NULL, NULL),
(1285, 15, 5, 0, NULL, '18:00:00', NULL, NULL, NULL),
(1286, 15, 6, 0, NULL, '18:00:00', NULL, NULL, NULL),
(1287, 15, 7, 0, NULL, '18:00:00', NULL, NULL, NULL),
(1288, 15, 8, 0, NULL, '18:00:00', NULL, NULL, NULL),
(1289, 15, 1, 0, NULL, '19:00:00', NULL, NULL, NULL),
(1290, 15, 2, 0, NULL, '19:00:00', NULL, NULL, NULL),
(1291, 15, 3, 0, NULL, '19:00:00', NULL, NULL, NULL),
(1292, 15, 4, 0, NULL, '19:00:00', NULL, NULL, NULL),
(1293, 15, 5, 0, NULL, '19:00:00', NULL, NULL, NULL),
(1294, 15, 6, 0, NULL, '19:00:00', NULL, NULL, NULL),
(1295, 15, 7, 0, NULL, '19:00:00', NULL, NULL, NULL),
(1296, 15, 8, 0, NULL, '19:00:00', NULL, NULL, NULL),
(1297, 15, 1, 0, NULL, '20:00:00', NULL, NULL, NULL),
(1298, 15, 2, 0, NULL, '20:00:00', NULL, NULL, NULL),
(1299, 15, 3, 0, NULL, '20:00:00', NULL, NULL, NULL),
(1300, 15, 4, 0, NULL, '20:00:00', NULL, NULL, NULL),
(1301, 15, 5, 0, NULL, '20:00:00', NULL, NULL, NULL),
(1302, 15, 6, 0, NULL, '20:00:00', NULL, NULL, NULL),
(1303, 15, 7, 0, NULL, '20:00:00', NULL, NULL, NULL),
(1304, 15, 8, 0, NULL, '20:00:00', NULL, NULL, NULL),
(1305, 15, 1, 0, NULL, '21:00:00', NULL, NULL, NULL),
(1306, 15, 2, 0, NULL, '21:00:00', NULL, NULL, NULL),
(1307, 15, 3, 0, NULL, '21:00:00', NULL, NULL, NULL),
(1308, 15, 4, 0, NULL, '21:00:00', NULL, NULL, NULL),
(1309, 15, 5, 0, NULL, '21:00:00', NULL, NULL, NULL),
(1310, 15, 6, 0, NULL, '21:00:00', NULL, NULL, NULL),
(1311, 15, 7, 0, NULL, '21:00:00', NULL, NULL, NULL),
(1312, 15, 8, 0, NULL, '21:00:00', NULL, NULL, NULL),
(1313, 15, 1, 0, NULL, '22:00:00', NULL, NULL, NULL),
(1314, 15, 2, 0, NULL, '22:00:00', NULL, NULL, NULL),
(1315, 15, 3, 0, NULL, '22:00:00', NULL, NULL, NULL),
(1316, 15, 4, 0, NULL, '22:00:00', NULL, NULL, NULL),
(1317, 15, 5, 0, NULL, '22:00:00', NULL, NULL, NULL),
(1318, 15, 6, 0, NULL, '22:00:00', NULL, NULL, NULL),
(1319, 15, 7, 0, NULL, '22:00:00', NULL, NULL, NULL),
(1320, 15, 8, 0, NULL, '22:00:00', NULL, NULL, NULL),
(1321, 16, 1, 0, NULL, '12:00:00', NULL, NULL, NULL),
(1322, 16, 2, 0, NULL, '12:00:00', NULL, NULL, NULL),
(1323, 16, 3, 0, NULL, '12:00:00', NULL, NULL, NULL),
(1324, 16, 4, 0, NULL, '12:00:00', NULL, NULL, NULL),
(1325, 16, 5, 0, NULL, '12:00:00', NULL, NULL, NULL),
(1326, 16, 6, 0, NULL, '12:00:00', NULL, NULL, NULL),
(1327, 16, 7, 0, NULL, '12:00:00', NULL, NULL, NULL),
(1328, 16, 8, 0, NULL, '12:00:00', NULL, NULL, NULL),
(1329, 16, 1, 0, NULL, '13:00:00', NULL, NULL, NULL),
(1330, 16, 2, 0, NULL, '13:00:00', NULL, NULL, NULL),
(1331, 16, 3, 0, NULL, '13:00:00', NULL, NULL, NULL),
(1332, 16, 4, 0, NULL, '13:00:00', NULL, NULL, NULL),
(1333, 16, 5, 0, NULL, '13:00:00', NULL, NULL, NULL),
(1334, 16, 6, 0, NULL, '13:00:00', NULL, NULL, NULL),
(1335, 16, 7, 0, NULL, '13:00:00', NULL, NULL, NULL),
(1336, 16, 8, 0, NULL, '13:00:00', NULL, NULL, NULL),
(1337, 16, 1, 0, NULL, '14:00:00', NULL, NULL, NULL),
(1338, 16, 2, 0, NULL, '14:00:00', NULL, NULL, NULL),
(1339, 16, 3, 0, NULL, '14:00:00', NULL, NULL, NULL),
(1340, 16, 4, 0, NULL, '14:00:00', NULL, NULL, NULL),
(1341, 16, 5, 0, NULL, '14:00:00', NULL, NULL, NULL),
(1342, 16, 6, 0, NULL, '14:00:00', NULL, NULL, NULL),
(1343, 16, 7, 0, NULL, '14:00:00', NULL, NULL, NULL),
(1344, 16, 8, 0, NULL, '14:00:00', NULL, NULL, NULL),
(1345, 16, 1, 0, NULL, '15:00:00', NULL, NULL, NULL),
(1346, 16, 2, 0, NULL, '15:00:00', NULL, NULL, NULL),
(1347, 16, 3, 0, NULL, '15:00:00', NULL, NULL, NULL),
(1348, 16, 4, 0, NULL, '15:00:00', NULL, NULL, NULL),
(1349, 16, 5, 0, NULL, '15:00:00', NULL, NULL, NULL),
(1350, 16, 6, 0, NULL, '15:00:00', NULL, NULL, NULL),
(1351, 16, 7, 0, NULL, '15:00:00', NULL, NULL, NULL),
(1352, 16, 8, 0, NULL, '15:00:00', NULL, NULL, NULL),
(1353, 16, 1, 0, NULL, '16:00:00', NULL, NULL, NULL),
(1354, 16, 2, 0, NULL, '16:00:00', NULL, NULL, NULL),
(1355, 16, 3, 0, NULL, '16:00:00', NULL, NULL, NULL),
(1356, 16, 4, 0, NULL, '16:00:00', NULL, NULL, NULL),
(1357, 16, 5, 0, NULL, '16:00:00', NULL, NULL, NULL),
(1358, 16, 6, 0, NULL, '16:00:00', NULL, NULL, NULL),
(1359, 16, 7, 0, NULL, '16:00:00', NULL, NULL, NULL),
(1360, 16, 8, 0, NULL, '16:00:00', NULL, NULL, NULL),
(1361, 16, 1, 0, NULL, '17:00:00', NULL, NULL, NULL),
(1362, 16, 2, 0, NULL, '17:00:00', NULL, NULL, NULL),
(1363, 16, 3, 0, NULL, '17:00:00', NULL, NULL, NULL),
(1364, 16, 4, 0, NULL, '17:00:00', NULL, NULL, NULL),
(1365, 16, 5, 0, NULL, '17:00:00', NULL, NULL, NULL),
(1366, 16, 6, 0, NULL, '17:00:00', NULL, NULL, NULL),
(1367, 16, 7, 0, NULL, '17:00:00', NULL, NULL, NULL),
(1368, 16, 8, 0, NULL, '17:00:00', NULL, NULL, NULL),
(1369, 16, 1, 0, NULL, '18:00:00', NULL, NULL, NULL),
(1370, 16, 2, 0, NULL, '18:00:00', NULL, NULL, NULL),
(1371, 16, 3, 0, NULL, '18:00:00', NULL, NULL, NULL),
(1372, 16, 4, 0, NULL, '18:00:00', NULL, NULL, NULL),
(1373, 16, 5, 0, NULL, '18:00:00', NULL, NULL, NULL),
(1374, 16, 6, 0, NULL, '18:00:00', NULL, NULL, NULL),
(1375, 16, 7, 0, NULL, '18:00:00', NULL, NULL, NULL),
(1376, 16, 8, 0, NULL, '18:00:00', NULL, NULL, NULL),
(1377, 16, 1, 0, NULL, '19:00:00', NULL, NULL, NULL),
(1378, 16, 2, 0, NULL, '19:00:00', NULL, NULL, NULL),
(1379, 16, 3, 0, NULL, '19:00:00', NULL, NULL, NULL),
(1380, 16, 4, 0, NULL, '19:00:00', NULL, NULL, NULL),
(1381, 16, 5, 0, NULL, '19:00:00', NULL, NULL, NULL),
(1382, 16, 6, 0, NULL, '19:00:00', NULL, NULL, NULL),
(1383, 16, 7, 0, NULL, '19:00:00', NULL, NULL, NULL),
(1384, 16, 8, 0, NULL, '19:00:00', NULL, NULL, NULL),
(1385, 16, 1, 0, NULL, '20:00:00', NULL, NULL, NULL),
(1386, 16, 2, 0, NULL, '20:00:00', NULL, NULL, NULL),
(1387, 16, 3, 0, NULL, '20:00:00', NULL, NULL, NULL),
(1388, 16, 4, 0, NULL, '20:00:00', NULL, NULL, NULL),
(1389, 16, 5, 0, NULL, '20:00:00', NULL, NULL, NULL),
(1390, 16, 6, 0, NULL, '20:00:00', NULL, NULL, NULL),
(1391, 16, 7, 0, NULL, '20:00:00', NULL, NULL, NULL),
(1392, 16, 8, 0, NULL, '20:00:00', NULL, NULL, NULL),
(1393, 16, 1, 0, NULL, '21:00:00', NULL, NULL, NULL),
(1394, 16, 2, 0, NULL, '21:00:00', NULL, NULL, NULL),
(1395, 16, 3, 0, NULL, '21:00:00', NULL, NULL, NULL),
(1396, 16, 4, 0, NULL, '21:00:00', NULL, NULL, NULL),
(1397, 16, 5, 0, NULL, '21:00:00', NULL, NULL, NULL),
(1398, 16, 6, 0, NULL, '21:00:00', NULL, NULL, NULL),
(1399, 16, 7, 0, NULL, '21:00:00', NULL, NULL, NULL),
(1400, 16, 8, 0, NULL, '21:00:00', NULL, NULL, NULL),
(1401, 16, 1, 0, NULL, '22:00:00', NULL, NULL, NULL),
(1402, 16, 2, 0, NULL, '22:00:00', NULL, NULL, NULL),
(1403, 16, 3, 0, NULL, '22:00:00', NULL, NULL, NULL),
(1404, 16, 4, 0, NULL, '22:00:00', NULL, NULL, NULL),
(1405, 16, 5, 0, NULL, '22:00:00', NULL, NULL, NULL),
(1406, 16, 6, 0, NULL, '22:00:00', NULL, NULL, NULL),
(1407, 16, 7, 0, NULL, '22:00:00', NULL, NULL, NULL),
(1408, 16, 8, 0, NULL, '22:00:00', NULL, NULL, NULL);

-- --------------------------------------------------------

--
-- Struktura tabeli dla tabeli `users`
--

CREATE TABLE `users` (
  `id` int(11) NOT NULL,
  `username` varchar(100) NOT NULL,
  `email` varchar(150) NOT NULL,
  `password` varchar(255) NOT NULL,
  `google_id` varchar(255) DEFAULT NULL,
  `is_active` tinyint(1) NOT NULL DEFAULT 0,
  `activation_token` varchar(64) DEFAULT NULL
) ENGINE=InnoDB DEFAULT CHARSET=utf8mb4 COLLATE=utf8mb4_general_ci;

--
-- Dumping data for table `users`
--

INSERT INTO `users` (`id`, `username`, `email`, `password`, `google_id`, `is_active`, `activation_token`) VALUES
(1, 'cody.urlik@gmail.com', 'cody.urlik@gmail.com', '$2y$10$frlYbbGCpLqnu06OeN1fWuIVMTB3CF6EHE4Qc1kdks8AVddaeBR1G', NULL, 0, NULL),
(2, 'DishPatch', 'dishpatch.sapport@gmail.com', '$2y$10$aSyhdoPDwhlzjTABqTCtnOekWJZrngIVgwvkgbymeLYfDtfSanLX6', NULL, 1, NULL);

--
-- Indeksy dla zrzutów tabel
--

--
-- Indeksy dla tabeli `locations`
--
ALTER TABLE `locations`
  ADD PRIMARY KEY (`id`),
  ADD KEY `restaurant_id` (`restaurant_id`);

--
-- Indeksy dla tabeli `orders`
--
ALTER TABLE `orders`
  ADD PRIMARY KEY (`id`),
  ADD KEY `user_id` (`user_id`),
  ADD KEY `restaurant_id` (`restaurant_id`);

--
-- Indeksy dla tabeli `order_items`
--
ALTER TABLE `order_items`
  ADD PRIMARY KEY (`id`),
  ADD KEY `order_id` (`order_id`);

--
-- Indeksy dla tabeli `restaurants`
--
ALTER TABLE `restaurants`
  ADD PRIMARY KEY (`id`),
  ADD UNIQUE KEY `email` (`email`);

--
-- Indeksy dla tabeli `restaurant_seats`
--
ALTER TABLE `restaurant_seats`
  ADD PRIMARY KEY (`id`),
  ADD KEY `restaurant_id` (`restaurant_id`),
  ADD KEY `idx_restaurant_seats_email` (`email`);

--
-- Indeksy dla tabeli `users`
--
ALTER TABLE `users`
  ADD PRIMARY KEY (`id`),
  ADD UNIQUE KEY `email` (`email`);

--
-- AUTO_INCREMENT for dumped tables
--

--
-- AUTO_INCREMENT for table `locations`
--
ALTER TABLE `locations`
  MODIFY `id` int(11) NOT NULL AUTO_INCREMENT, AUTO_INCREMENT=19;

--
-- AUTO_INCREMENT for table `orders`
--
ALTER TABLE `orders`
  MODIFY `id` int(11) NOT NULL AUTO_INCREMENT, AUTO_INCREMENT=10;

--
-- AUTO_INCREMENT for table `order_items`
--
ALTER TABLE `order_items`
  MODIFY `id` int(11) NOT NULL AUTO_INCREMENT, AUTO_INCREMENT=25;

--
-- AUTO_INCREMENT for table `restaurants`
--
ALTER TABLE `restaurants`
  MODIFY `id` int(11) NOT NULL AUTO_INCREMENT, AUTO_INCREMENT=19;

--
-- AUTO_INCREMENT for table `restaurant_seats`
--
ALTER TABLE `restaurant_seats`
  MODIFY `id` int(11) NOT NULL AUTO_INCREMENT, AUTO_INCREMENT=1409;

--
-- AUTO_INCREMENT for table `users`
--
ALTER TABLE `users`
  MODIFY `id` int(11) NOT NULL AUTO_INCREMENT, AUTO_INCREMENT=5;

--
-- Constraints for dumped tables
--

--
-- Constraints for table `locations`
--
ALTER TABLE `locations`
  ADD CONSTRAINT `locations_ibfk_1` FOREIGN KEY (`restaurant_id`) REFERENCES `restaurants` (`id`) ON DELETE CASCADE;

--
-- Constraints for table `orders`
--
ALTER TABLE `orders`
  ADD CONSTRAINT `orders_ibfk_1` FOREIGN KEY (`user_id`) REFERENCES `users` (`id`) ON DELETE CASCADE,
  ADD CONSTRAINT `orders_ibfk_2` FOREIGN KEY (`restaurant_id`) REFERENCES `restaurants` (`id`) ON DELETE CASCADE;

--
-- Constraints for table `order_items`
--
ALTER TABLE `order_items`
  ADD CONSTRAINT `order_items_ibfk_1` FOREIGN KEY (`order_id`) REFERENCES `orders` (`id`) ON DELETE CASCADE;
COMMIT;

/*!40101 SET CHARACTER_SET_CLIENT=@OLD_CHARACTER_SET_CLIENT */;
/*!40101 SET CHARACTER_SET_RESULTS=@OLD_CHARACTER_SET_RESULTS */;
/*!40101 SET COLLATION_CONNECTION=@OLD_COLLATION_CONNECTION */;
